,n_patients,tumor_t1t2,event_free_survival,gender,rate,survival
NCKAP5,13,1.0,0.077084330404523588,1.0,0.12363736387342547,0.094769093094138057
ADAM2,11,1.0,0.077084330404523588,1.0,0.099316605329279828,0.12562502232398298
ANK2,24,1.0,0.077084330404523588,1.0,0.13914157161960808,0.12562502232398298
DSEL,11,1.0,0.0926143416880576,1.0,0.38658789287334,0.12562502232398298
PZP,11,1.0,0.2683263123296406,1.0,0.13135285486980239,0.12562502232398298
MORC1,11,1.0,0.2683263123296406,1.0,0.010398863271653281,0.12808489833651285
NLRP12,11,1.0,0.2683263123296406,1.0,0.018111989873450661,0.12808489833651285
CCDC39,13,1.0,0.2683263123296406,1.0,0.22237704965686386,0.19223510791446102
SLC17A8,12,1.0,0.53689753604178214,1.0,0.011752197885091532,0.24153796151050239
CNTN5,15,1.0,0.53689753604178214,1.0,0.039118199251553708,0.3633523408492767
LTBP1,15,0.97168872632301972,0.53689753604178214,1.0,0.043925576451927503,0.36764738149879422
TTN,127,1.0,0.53689753604178214,1.0,0.00041956502073004593,0.36764738149879422
FBXW7,11,1.0,0.53689753604178214,1.0,0.24237096618677809,0.56974107280356201
FRY,13,1.0,0.53689753604178214,1.0,0.037941898057863091,0.57777456196252197
CYP11B1,15,1.0,0.53689753604178214,1.0,0.084180532899669189,0.57777456196252197
TMPRSS15,11,1.0,0.53689753604178214,1.0,0.011752197885091532,0.64663950390389735
PLCE1,12,1.0,0.53689753604178214,1.0,0.038879384219898352,0.64663950390389735
MLL2,34,1.0,0.53689753604178214,1.0,0.15287633245678439,0.64663950390389735
DNAH2,14,1.0,0.53689753604178214,1.0,0.49816359784372855,0.89283905518661377
SACS,14,1.0,0.58806405116063609,1.0,0.11593912637053057,0.57777456196252197
TSHZ3,13,1.0,0.65382849126861231,1.0,0.011039847146089632,0.57777456196252197
RFX6,11,1.0,0.88497227269883405,1.0,0.057321701021904592,0.57777456196252197
OR4M2,13,1.0,0.88497227269883405,1.0,0.7496167942308386,0.57777456196252197
RIMS1,13,1.0,0.88497227269883405,1.0,0.039118199251553708,0.64663950390389735
GRLF1,11,1.0,0.88497227269883405,1.0,0.023735316460532636,0.89283905518661377
LRRC4C,16,0.99066342443299615,0.90892630182070377,1.0,0.0085946529726565642,0.64663950390389735
ELTD1,18,1.0,0.90892630182070377,1.0,0.0025835225193794401,0.64663950390389735
CDH9,18,1.0,0.90892630182070377,1.0,0.037280269417233301,0.64663950390389735
DICER1,11,1.0,0.90892630182070377,1.0,0.013342645325040882,0.65936175934770236
FBN1,14,1.0,0.90892630182070377,1.0,0.015262654803602456,0.83482274667432843
THBS2,14,1.0,0.90892630182070377,1.0,0.048183815188552921,0.89283905518661377
PIK3CA,27,1.0,0.90892630182070377,1.0,0.057842681567461328,0.89283905518661377
DNAH3,15,1.0,0.90892630182070377,1.0,0.090464091503858049,0.89283905518661377
NALCN,15,1.0,0.90892630182070377,1.0,0.25065202651601554,0.89283905518661377
PTEN,14,1.0,0.90892630182070377,1.0,0.75363689137319112,0.89283905518661377
KIF1B,11,0.38661239420244975,0.91039546069171784,1.0,0.287509528176776,0.89283905518661377
DNAH10,23,0.9467782328576313,0.91039546069171784,1.0,0.0055859169848652013,0.89283905518661377
AHNAK2,25,1.0,0.91039546069171784,1.0,0.0021281324091500676,0.89283905518661377
GPR98,30,1.0,0.91039546069171784,1.0,0.0021281324091500676,0.89283905518661377
ABCB1,13,1.0,0.91039546069171784,1.0,0.0023016886354686951,0.89283905518661377
PKHD1,37,1.0,0.91039546069171784,1.0,0.0023016886354686951,0.89283905518661377
COL11A1,34,1.0,0.91039546069171784,1.0,0.0025456285849012098,0.89283905518661377
CSMD3,80,1.0,0.91039546069171784,1.0,0.0025835225193794401,0.89283905518661377
ZNF536,33,1.0,0.91039546069171784,1.0,0.0040958799628898418,0.89283905518661377
DYNC1H1,18,1.0,0.91039546069171784,1.0,0.0045967588506459472,0.89283905518661377
ABCA13,25,1.0,0.91039546069171784,1.0,0.0055859169848652013,0.89283905518661377
PCNX,11,1.0,0.91039546069171784,1.0,0.0055859169848652013,0.89283905518661377
PKHD1L1,34,1.0,0.91039546069171784,1.0,0.0062479202414514557,0.89283905518661377
ROS1,19,1.0,0.91039546069171784,1.0,0.0065161388699798688,0.89283905518661377
NEB,27,1.0,0.91039546069171784,1.0,0.006645710365153993,0.89283905518661377
SI,34,1.0,0.91039546069171784,1.0,0.006645710365153993,0.89283905518661377
BAZ2B,12,1.0,0.91039546069171784,1.0,0.0077636845922217429,0.89283905518661377
SYNE1,52,1.0,0.91039546069171784,1.0,0.0077636845922217429,0.89283905518661377
LARGE,11,1.0,0.91039546069171784,1.0,0.0093524932888442072,0.89283905518661377
SLCO1B3,13,1.0,0.91039546069171784,1.0,0.0093524932888442072,0.89283905518661377
TRPM6,13,1.0,0.91039546069171784,1.0,0.010313415565158168,0.89283905518661377
PCLO,31,1.0,0.91039546069171784,1.0,0.01080479865347321,0.89283905518661377
ANK3,11,1.0,0.91039546069171784,1.0,0.010904357118135279,0.89283905518661377
CDH10,31,1.0,0.91039546069171784,1.0,0.011752197885091532,0.89283905518661377
FAT2,15,1.0,0.91039546069171784,1.0,0.011752197885091532,0.89283905518661377
TP53,137,1.0,0.91039546069171784,1.0,0.011752197885091532,0.89283905518661377
ZNF423,14,1.0,0.91039546069171784,1.0,0.011752197885091532,0.89283905518661377
ADAMTS12,28,1.0,0.91039546069171784,1.0,0.011835186430611839,0.89283905518661377
FREM1,12,1.0,0.91039546069171784,1.0,0.012002266770829537,0.89283905518661377
VCAN,17,1.0,0.91039546069171784,1.0,0.013342645325040882,0.89283905518661377
DNAH9,28,1.0,0.91039546069171784,1.0,0.014072255596902483,0.89283905518661377
SLIT2,14,1.0,0.91039546069171784,1.0,0.014104011816149568,0.89283905518661377
HRNR,19,1.0,0.91039546069171784,1.0,0.015142094063105691,0.89283905518661377
SALL3,14,1.0,0.91039546069171784,1.0,0.018251565930018837,0.89283905518661377
NRXN1,21,1.0,0.91039546069171784,1.0,0.020910282625629183,0.89283905518661377
VPS13D,16,1.0,0.91039546069171784,1.0,0.020993231989917704,0.89283905518661377
DCHS1,14,1.0,0.91039546069171784,1.0,0.023799208487931312,0.89283905518661377
BCLAF1,14,1.0,0.91039546069171784,1.0,0.024708154977102912,0.89283905518661377
RELN,21,1.0,0.91039546069171784,1.0,0.028109335481679369,0.89283905518661377
RIMS2,21,1.0,0.91039546069171784,1.0,0.028109335481679369,0.89283905518661377
SORCS1,19,1.0,0.91039546069171784,1.0,0.028322353729941685,0.89283905518661377
CTNNA2,23,1.0,0.91039546069171784,1.0,0.02857608193344879,0.89283905518661377
LRRK2,23,1.0,0.91039546069171784,1.0,0.02857608193344879,0.89283905518661377
PTPRO,11,1.0,0.91039546069171784,1.0,0.02857608193344879,0.89283905518661377
CNTNAP4,16,1.0,0.91039546069171784,1.0,0.030812713131640086,0.89283905518661377
GPC5,11,1.0,0.91039546069171784,1.0,0.03134869853360478,0.89283905518661377
RP1L1,13,1.0,0.91039546069171784,1.0,0.032397571579911931,0.89283905518661377
FLT1,11,1.0,0.91039546069171784,1.0,0.032938798212991623,0.89283905518661377
MYT1L,17,1.0,0.91039546069171784,1.0,0.032938798212991623,0.89283905518661377
PIK3CG,15,1.0,0.91039546069171784,1.0,0.033080372383900117,0.89283905518661377
CDH23,11,1.0,0.91039546069171784,1.0,0.034164702796405134,0.89283905518661377
PRUNE2,15,1.0,0.91039546069171784,1.0,0.036991822089128837,0.89283905518661377
FLNC,14,1.0,0.91039546069171784,1.0,0.037861782283244813,0.89283905518661377
PRDM9,13,1.0,0.91039546069171784,1.0,0.037891642594306774,0.89283905518661377
FAT4,25,1.0,0.91039546069171784,1.0,0.037941898057863091,0.89283905518661377
SCN10A,13,1.0,0.91039546069171784,1.0,0.037941898057863091,0.89283905518661377
ZNF804A,18,1.0,0.91039546069171784,1.0,0.037941898057863091,0.89283905518661377
MAGI2,12,1.0,0.91039546069171784,1.0,0.038773318644781375,0.89283905518661377
MUC5B,34,1.0,0.91039546069171784,1.0,0.038879384219898352,0.89283905518661377
STK31,11,1.0,0.91039546069171784,1.0,0.038879384219898352,0.89283905518661377
EVC2,12,1.0,0.91039546069171784,1.0,0.039801113143332428,0.89283905518661377
MXRA5,13,1.0,0.91039546069171784,1.0,0.040905250844518362,0.89283905518661377
FAT1,21,1.0,0.91039546069171784,1.0,0.042565663379721619,0.89283905518661377
KCND2,12,1.0,0.91039546069171784,1.0,0.044693512609810845,0.89283905518661377
KALRN,15,1.0,0.91039546069171784,1.0,0.045423378197312403,0.89283905518661377
REG1B,10,1.0,0.91039546069171784,1.0,0.045423378197312403,0.89283905518661377
TRIOBP,15,1.0,0.91039546069171784,1.0,0.045423378197312403,0.89283905518661377
AKAP6,15,1.0,0.91039546069171784,1.0,0.049877975238776177,0.89283905518661377
PEG3,22,1.0,0.91039546069171784,1.0,0.052289842762862963,0.89283905518661377
MACF1,29,1.0,0.91039546069171784,1.0,0.052491126080081774,0.89283905518661377
FREM2,14,1.0,0.91039546069171784,1.0,0.053222449575735235,0.89283905518661377
NUP210L,13,1.0,0.91039546069171784,1.0,0.053222449575735235,0.89283905518661377
VWA3B,11,1.0,0.91039546069171784,1.0,0.053222449575735235,0.89283905518661377
SCN2A,14,1.0,0.91039546069171784,1.0,0.057164864873163523,0.89283905518661377
OR5L2,13,1.0,0.91039546069171784,1.0,0.061417646216883441,0.89283905518661377
GRID1,11,1.0,0.91039546069171784,1.0,0.063481237511011798,0.89283905518661377
CDH8,17,1.0,0.91039546069171784,1.0,0.064214905028203387,0.89283905518661377
PLCL1,12,1.0,0.91039546069171784,1.0,0.064712220899664455,0.89283905518661377
UNC13C,18,1.0,0.91039546069171784,1.0,0.066455995188671721,0.89283905518661377
ADAMTS20,21,1.0,0.91039546069171784,1.0,0.073307363390361979,0.89283905518661377
TRPV5,11,1.0,0.91039546069171784,1.0,0.073532957820761038,0.89283905518661377
THSD7B,17,1.0,0.91039546069171784,1.0,0.074511437653001666,0.89283905518661377
NCAM2,11,1.0,0.91039546069171784,1.0,0.075184018985699236,0.89283905518661377
ZNF804B,29,1.0,0.91039546069171784,1.0,0.077513288602180069,0.89283905518661377
HUWE1,17,1.0,0.91039546069171784,1.0,0.084779802785684796,0.89283905518661377
GABRG1,13,1.0,0.91039546069171784,1.0,0.085747638423873743,0.89283905518661377
ODZ1,19,1.0,0.91039546069171784,1.0,0.090932200042171146,0.89283905518661377
SOS1,11,1.0,0.91039546069171784,1.0,0.092143374414044202,0.89283905518661377
FER1L6,12,1.0,0.91039546069171784,1.0,0.093249279719223685,0.89283905518661377
LRFN5,21,1.0,0.91039546069171784,1.0,0.099261526805126787,0.89283905518661377
ENPEP,11,1.0,0.91039546069171784,1.0,0.10142975477157945,0.89283905518661377
MKI67,11,1.0,0.91039546069171784,1.0,0.10142975477157945,0.89283905518661377
HYDIN,14,1.0,0.91039546069171784,1.0,0.1027777394603018,0.89283905518661377
STON1-GTF2A1L,17,1.0,0.91039546069171784,1.0,0.1027777394603018,0.89283905518661377
FLNA,13,1.0,0.91039546069171784,1.0,0.10549739942516652,0.89283905518661377
GALNT13,13,1.0,0.91039546069171784,1.0,0.10953746147383908,0.89283905518661377
KCNH8,11,1.0,0.91039546069171784,1.0,0.11482150235908244,0.89283905518661377
OTOF,12,1.0,0.91039546069171784,1.0,0.11839460760631532,0.89283905518661377
ANKS1B,13,1.0,0.91039546069171784,1.0,0.11932201999919632,0.89283905518661377
HIVEP1,12,1.0,0.91039546069171784,1.0,0.12037534167801742,0.89283905518661377
SLCO1B1,13,1.0,0.91039546069171784,1.0,0.12155976316176836,0.89283905518661377
ZAN,11,1.0,0.91039546069171784,1.0,0.13135285486980239,0.89283905518661377
TNN,19,1.0,0.91039546069171784,1.0,0.13914157161960808,0.89283905518661377
TNC,13,1.0,0.91039546069171784,1.0,0.14164931562164532,0.89283905518661377
KCNJ3,11,1.0,0.91039546069171784,1.0,0.14360894959986042,0.89283905518661377
RP1,28,1.0,0.91039546069171784,1.0,0.14848725570012775,0.89283905518661377
PIKFYVE,9,1.0,0.91039546069171784,1.0,0.16294790239629736,0.89283905518661377
C7,10,1.0,0.91039546069171784,1.0,0.18643386061900122,0.89283905518661377
GRM3,13,1.0,0.91039546069171784,1.0,0.18747474614285928,0.89283905518661377
TAF1,13,1.0,0.91039546069171784,1.0,0.19359842938109023,0.89283905518661377
DPP6,11,1.0,0.91039546069171784,1.0,0.19413221813136955,0.89283905518661377
PPP1R3A,15,1.0,0.91039546069171784,1.0,0.22237458747693375,0.89283905518661377
USP29,17,1.0,0.91039546069171784,1.0,0.22606331022612591,0.89283905518661377
ZNF479,13,1.0,0.91039546069171784,1.0,0.23646574110973748,0.89283905518661377
EPB41L3,18,1.0,0.91039546069171784,1.0,0.23774234569584854,0.89283905518661377
GUCY1A2,10,1.0,0.91039546069171784,1.0,0.25586343006927276,0.89283905518661377
LAMA1,14,1.0,0.91039546069171784,1.0,0.25586343006927276,0.89283905518661377
NOTCH1,14,1.0,0.91039546069171784,1.0,0.2629635717686013,0.89283905518661377
NF1,21,1.0,0.91039546069171784,1.0,0.28406575683918334,0.89283905518661377
TECTA,13,1.0,0.91039546069171784,1.0,0.28468406124326306,0.89283905518661377
UNC5D,17,1.0,0.91039546069171784,1.0,0.29345785586972006,0.89283905518661377
ADCY2,14,1.0,0.91039546069171784,1.0,0.29892529273088986,0.89283905518661377
PLEC,12,1.0,0.91039546069171784,1.0,0.34153721893518957,0.89283905518661377
EPHA6,14,1.0,0.91039546069171784,1.0,0.34937914910475271,0.89283905518661377
PREX1,13,1.0,0.91039546069171784,1.0,0.34937914910475271,0.89283905518661377
CDKN2A,26,1.0,0.91039546069171784,1.0,0.36214781242880895,0.89283905518661377
GOLGA3,13,1.0,0.91039546069171784,1.0,0.36885629933724456,0.89283905518661377
ARID1A,11,1.0,0.91039546069171784,1.0,0.37599046426596139,0.89283905518661377
OR4M1,13,1.0,0.91039546069171784,1.0,0.3766234681078382,0.89283905518661377
COL2A1,12,1.0,0.91039546069171784,1.0,0.3866597973830565,0.89283905518661377
TG,14,1.0,0.91039546069171784,1.0,0.44626737452842413,0.89283905518661377
ZNF99,17,1.0,0.91039546069171784,1.0,0.49803266733336982,0.89283905518661377
LCT,17,1.0,0.91039546069171784,1.0,0.52234975750213375,0.89283905518661377
PRKDC,12,1.0,0.91039546069171784,1.0,0.53180086975118945,0.89283905518661377
OR5D18,14,1.0,0.91039546069171784,1.0,0.59205155198992798,0.89283905518661377
LRP1,14,1.0,0.91039546069171784,1.0,0.64352777801431627,0.89283905518661377
RB1,12,1.0,0.91039546069171784,1.0,0.71000958114195345,0.89283905518661377
HECW1,12,1.0,0.91039546069171784,1.0,0.77521384785477676,0.89283905518661377
SGIP1,12,1.0,0.91039546069171784,1.0,0.832637783029339,0.89283905518661377
FSHR,15,1.0,0.91039546069171784,1.0,0.88395039597688707,0.89283905518661377
GRIN2A,14,0.38661239420244975,0.9212486692311429,1.0,0.036538109879905974,0.89283905518661377
CLSTN2,16,0.49464860127023991,0.9212486692311429,1.0,0.32208503435261576,0.89283905518661377
ZNF33A,11,0.9467782328576313,0.9212486692311429,1.0,0.098325918690090691,0.89283905518661377
NDST4,12,0.97168872632301972,0.9212486692311429,1.0,0.1862253210299922,0.89283905518661377
MAGEC1,16,0.99066342443299615,0.9212486692311429,1.0,0.062597952561220721,0.89283905518661377
FAM123C,12,1.0,0.9212486692311429,1.0,0.00041956502073004593,0.89283905518661377
LRP1B,67,1.0,0.9212486692311429,1.0,0.00057522328190802972,0.89283905518661377
COL22A1,28,1.0,0.9212486692311429,1.0,0.0020466064679778209,0.89283905518661377
OR2G6,15,1.0,0.9212486692311429,1.0,0.0023016886354686951,0.89283905518661377
DNAH11,37,1.0,0.9212486692311429,1.0,0.00316724803076041,0.89283905518661377
MDN1,22,1.0,0.9212486692311429,1.0,0.00316724803076041,0.89283905518661377
EPHA5,15,1.0,0.9212486692311429,1.0,0.0045967588506459472,0.89283905518661377
LAMA4,16,1.0,0.9212486692311429,1.0,0.0055859169848652013,0.89283905518661377
NAV3,32,1.0,0.9212486692311429,1.0,0.0055859169848652013,0.89283905518661377
SLITRK3,26,1.0,0.9212486692311429,1.0,0.0055859169848652013,0.89283905518661377
VPS13B,20,1.0,0.9212486692311429,1.0,0.0055859169848652013,0.89283905518661377
CNTNAP2,23,1.0,0.9212486692311429,1.0,0.0061755211852681634,0.89283905518661377
COL19A1,16,1.0,0.9212486692311429,1.0,0.0061755211852681634,0.89283905518661377
UTRN,13,1.0,0.9212486692311429,1.0,0.0062479202414514557,0.89283905518661377
SCN11A,11,1.0,0.9212486692311429,1.0,0.0065161388699798688,0.89283905518661377
MYH1,21,1.0,0.9212486692311429,1.0,0.0069752820091001713,0.89283905518661377
TET1,11,1.0,0.9212486692311429,1.0,0.0089792917450725578,0.89283905518661377
DST,14,1.0,0.9212486692311429,1.0,0.0093524932888442072,0.89283905518661377
CSMD1,32,1.0,0.9212486692311429,1.0,0.010107846037390299,0.89283905518661377
DOCK10,14,1.0,0.9212486692311429,1.0,0.010313415565158168,0.89283905518661377
SYNE2,20,1.0,0.9212486692311429,1.0,0.010398863271653281,0.89283905518661377
NLRP14,13,1.0,0.9212486692311429,1.0,0.010728971258160011,0.89283905518661377
APOB,28,1.0,0.9212486692311429,1.0,0.01080479865347321,0.89283905518661377
DNAH8,31,1.0,0.9212486692311429,1.0,0.012002266770829537,0.89283905518661377
CDH12,23,1.0,0.9212486692311429,1.0,0.012555072899163289,0.89283905518661377
C2orf16,13,1.0,0.9212486692311429,1.0,0.013342645325040882,0.89283905518661377
DIDO1,12,1.0,0.9212486692311429,1.0,0.013958209450323503,0.89283905518661377
CDH18,23,1.0,0.9212486692311429,1.0,0.014072255596902483,0.89283905518661377
NCKAP1L,12,1.0,0.9212486692311429,1.0,0.015142094063105691,0.89283905518661377
TPTE,24,1.0,0.9212486692311429,1.0,0.016776298250685287,0.89283905518661377
KIAA1549,14,1.0,0.9212486692311429,1.0,0.019821104141136157,0.89283905518661377
PLCH1,14,1.0,0.9212486692311429,1.0,0.019821104141136157,0.89283905518661377
VWF,16,1.0,0.9212486692311429,1.0,0.021899847361240222,0.89283905518661377
DGKI,11,1.0,0.9212486692311429,1.0,0.023388267105296432,0.89283905518661377
CTNNA3,14,1.0,0.9212486692311429,1.0,0.024084120963747926,0.89283905518661377
PCDHB12,11,1.0,0.9212486692311429,1.0,0.02857608193344879,0.89283905518661377
TRHDE,14,1.0,0.9212486692311429,1.0,0.02857608193344879,0.89283905518661377
NRAP,12,1.0,0.9212486692311429,1.0,0.029018355119025663,0.89283905518661377
C20orf26,18,1.0,0.9212486692311429,1.0,0.02966268039069395,0.89283905518661377
C1orf173,32,1.0,0.9212486692311429,1.0,0.030154895751925946,0.89283905518661377
RANBP2,13,1.0,0.9212486692311429,1.0,0.030382069045730063,0.89283905518661377
ATG2B,13,1.0,0.9212486692311429,1.0,0.032637185440590154,0.89283905518661377
LRRC7,27,1.0,0.9212486692311429,1.0,0.033120306589721996,0.89283905518661377
OR6F1,13,1.0,0.9212486692311429,1.0,0.034321527169747151,0.89283905518661377
PTPRB,13,1.0,0.9212486692311429,1.0,0.037280269417233301,0.89283905518661377
HCN1,30,1.0,0.9212486692311429,1.0,0.037941898057863091,0.89283905518661377
TNR,24,1.0,0.9212486692311429,1.0,0.037941898057863091,0.89283905518661377
CNTNAP5,27,1.0,0.9212486692311429,1.0,0.038169639225033379,0.89283905518661377
DYSF,15,1.0,0.9212486692311429,1.0,0.038879384219898352,0.89283905518661377
CEP350,12,1.0,0.9212486692311429,1.0,0.039017525155077309,0.89283905518661377
MYPN,11,1.0,0.9212486692311429,1.0,0.039456032658118222,0.89283905518661377
FMN2,23,1.0,0.9212486692311429,1.0,0.044699186296410461,0.89283905518661377
GABRA2,11,1.0,0.9212486692311429,1.0,0.045365471408755575,0.89283905518661377
COL5A3,9,1.0,0.9212486692311429,1.0,0.04646962176539577,0.89283905518661377
NLGN1,12,1.0,0.9212486692311429,1.0,0.04818899306378286,0.89283905518661377
MYCBP2,19,1.0,0.9212486692311429,1.0,0.049877975238776177,0.89283905518661377
ZNF236,16,1.0,0.9212486692311429,1.0,0.052289842762862963,0.89283905518661377
ZEB2,14,1.0,0.9212486692311429,1.0,0.052508079269056013,0.89283905518661377
PNLIPRP3,11,1.0,0.9212486692311429,1.0,0.05942061288534662,0.89283905518661377
COL3A1,13,1.0,0.9212486692311429,1.0,0.061591423921410565,0.89283905518661377
C15orf2,13,1.0,0.9212486692311429,1.0,0.062121020434128559,0.89283905518661377
AOX1,12,1.0,0.9212486692311429,1.0,0.066968818256401635,0.89283905518661377
BPTF,13,1.0,0.9212486692311429,1.0,0.067141114494011486,0.89283905518661377
BRWD3,15,1.0,0.9212486692311429,1.0,0.067141114494011486,0.89283905518661377
KCNH7,12,1.0,0.9212486692311429,1.0,0.070590256391780348,0.89283905518661377
PTPRD,14,1.0,0.9212486692311429,1.0,0.071715157809178295,0.89283905518661377
ASPM,14,1.0,0.9212486692311429,1.0,0.073307363390361979,0.89283905518661377
NLRP13,17,1.0,0.9212486692311429,1.0,0.073307363390361979,0.89283905518661377
THSD7A,13,1.0,0.9212486692311429,1.0,0.073307363390361979,0.89283905518661377
PYHIN1,11,1.0,0.9212486692311429,1.0,0.075766961684088197,0.89283905518661377
GPR112,15,1.0,0.9212486692311429,1.0,0.084180532899669189,0.89283905518661377
OR4C6,14,1.0,0.9212486692311429,1.0,0.084180532899669189,0.89283905518661377
INADL,12,1.0,0.9212486692311429,1.0,0.085538488190419024,0.89283905518661377
MYO16,11,1.0,0.9212486692311429,1.0,0.086288905998809132,0.89283905518661377
GRM1,11,1.0,0.9212486692311429,1.0,0.090932200042171146,0.89283905518661377
CUL3,11,1.0,0.9212486692311429,1.0,0.093249279719223685,0.89283905518661377
FRMPD2,11,1.0,0.9212486692311429,1.0,0.094429322969508511,0.89283905518661377
WHSC1L1,13,1.0,0.9212486692311429,1.0,0.094524267516114285,0.89283905518661377
KCNT2,12,1.0,0.9212486692311429,1.0,0.10049365586815702,0.89283905518661377
RGAG1,12,1.0,0.9212486692311429,1.0,0.10698829299111977,0.89283905518661377
CNKSR2,11,1.0,0.9212486692311429,1.0,0.11141049757642407,0.89283905518661377
ACSM2B,13,1.0,0.9212486692311429,1.0,0.11257503754296772,0.89283905518661377
NLRP8,12,1.0,0.9212486692311429,1.0,0.11257503754296772,0.89283905518661377
OCA2,12,1.0,0.9212486692311429,1.0,0.1126368917559154,0.89283905518661377
ITIH5L,12,1.0,0.9212486692311429,1.0,0.11655565746801402,0.89283905518661377
ZBBX,17,1.0,0.9212486692311429,1.0,0.11765525696163728,0.89283905518661377
KEAP1,21,1.0,0.9212486692311429,1.0,0.11839460760631532,0.89283905518661377
PCDH17,14,1.0,0.9212486692311429,1.0,0.16171077508006915,0.89283905518661377
DCC,13,1.0,0.9212486692311429,1.0,0.17576011877755476,0.89283905518661377
FAM47C,17,1.0,0.9212486692311429,1.0,0.18157371027708466,0.89283905518661377
MMP16,15,1.0,0.9212486692311429,1.0,0.19207987938583518,0.89283905518661377
MUC6,15,1.0,0.9212486692311429,1.0,0.19404753668982561,0.89283905518661377
SCN3A,13,1.0,0.9212486692311429,1.0,0.20688181476343889,0.89283905518661377
LAMA2,22,1.0,0.9212486692311429,1.0,0.20820356393646719,0.89283905518661377
TRPA1,14,1.0,0.9212486692311429,1.0,0.21985381112842295,0.89283905518661377
IQGAP3,11,1.0,0.9212486692311429,1.0,0.2210719878020985,0.89283905518661377
PRG4,12,1.0,0.9212486692311429,1.0,0.22237704965686386,0.89283905518661377
CADPS2,14,1.0,0.9212486692311429,1.0,0.23542012304409909,0.89283905518661377
HEPH,15,1.0,0.9212486692311429,1.0,0.25065202651601554,0.89283905518661377
ABCA4,12,1.0,0.9212486692311429,1.0,0.25586343006927276,0.89283905518661377
WDR72,12,1.0,0.9212486692311429,1.0,0.28387317839127679,0.89283905518661377
PCDH7,11,1.0,0.9212486692311429,1.0,0.29079688953206129,0.89283905518661377
ZNF91,17,1.0,0.9212486692311429,1.0,0.3037186995039115,0.89283905518661377
KLHL1,17,1.0,0.9212486692311429,1.0,0.31677116415080969,0.89283905518661377
DPP10,15,1.0,0.9212486692311429,1.0,0.37938078853561236,0.89283905518661377
OR2M2,10,1.0,0.9212486692311429,1.0,0.38313162233284881,0.89283905518661377
MCF2,11,1.0,0.9212486692311429,1.0,0.38825000900548917,0.89283905518661377
ATP10A,16,1.0,0.9212486692311429,1.0,0.46448309187134285,0.89283905518661377
CR2,10,1.0,0.9212486692311429,1.0,0.5170589268055874,0.89283905518661377
TNIK,11,1.0,0.9212486692311429,1.0,0.52391469630665177,0.89283905518661377
PDE1C,11,1.0,0.9212486692311429,1.0,0.62646126046710471,0.89283905518661377
CHD7,16,1.0,0.9212486692311429,1.0,0.64847049339694884,0.89283905518661377
F13B,12,1.0,0.9212486692311429,1.0,0.80604749442422408,0.89283905518661377
ODZ3,16,1.0,0.9212486692311429,1.0,0.83313314370882086,0.89283905518661377
NFE2L2,27,1.0,0.9212486692311429,1.0,0.93319799666434511,0.89283905518661377
CUBN,31,1.0,0.9212486692311429,1.0,0.037891642594306774,0.89291480970992376
NLRP3,11,1.0,0.9212486692311429,1.0,0.045423378197312403,0.89306226564821523
ZNF831,13,1.0,0.9212486692311429,1.0,0.067141114494011486,0.89306226564821523
RNASEN,13,1.0,0.9212486692311429,1.0,0.14164931562164532,0.89306226564821523
FAM5B,14,1.0,0.9212486692311429,1.0,0.14439017814839544,0.89306226564821523
GPR158,14,1.0,0.9212486692311429,1.0,0.17516119942899644,0.89306226564821523
PAPPA2,31,1.0,0.9212486692311429,1.0,0.015262654803602456,0.89929510558600945
TRRAP,11,1.0,0.9212486692311429,1.0,0.037941898057863091,0.89929510558600945
PREX2,19,1.0,0.9212486692311429,1.0,0.46493182115909176,0.89929510558600945
MUC17,30,1.0,0.9212486692311429,1.0,0.0015107254828104438,0.89953174073446962
PTPRT,18,1.0,0.9212486692311429,1.0,0.0020466064679778209,0.89953174073446962
GRIN2B,16,1.0,0.9212486692311429,1.0,0.0055859169848652013,0.89953174073446962
DCHS2,16,1.0,0.9212486692311429,1.0,0.008566340225093675,0.89953174073446962
CSMD2,28,1.0,0.9212486692311429,1.0,0.0088853468943927514,0.89953174073446962
KIAA1409,10,1.0,0.9212486692311429,1.0,0.012002266770829537,0.89953174073446962
XIRP2,33,1.0,0.9212486692311429,1.0,0.012002266770829537,0.89953174073446962
FAM135B,34,1.0,0.9212486692311429,1.0,0.017885929722634877,0.89953174073446962
HMCN1,20,1.0,0.9212486692311429,1.0,0.018103510500351035,0.89953174073446962
ABCB5,14,1.0,0.9212486692311429,1.0,0.026315102089812067,0.89953174073446962
PLXNA1,11,1.0,0.9212486692311429,1.0,0.026371688385782684,0.89953174073446962
TMEM132B,11,1.0,0.9212486692311429,1.0,0.032938798212991623,0.89953174073446962
COL5A2,14,1.0,0.9212486692311429,1.0,0.034321527169747151,0.89953174073446962
CD163,13,1.0,0.9212486692311429,1.0,0.037861782283244813,0.89953174073446962
TMEM131,11,1.0,0.9212486692311429,1.0,0.042565663379721619,0.89953174073446962
PCNT,11,1.0,0.9212486692311429,1.0,0.04818899306378286,0.89953174073446962
ABCC12,15,1.0,0.9212486692311429,1.0,0.054863751624380834,0.89953174073446962
PDE4DIP,24,1.0,0.9212486692311429,1.0,0.056534618456299326,0.89953174073446962
KIAA1109,20,1.0,0.9212486692311429,1.0,0.057842681567461328,0.89953174073446962
TLN2,13,1.0,0.9212486692311429,1.0,0.059007375380335701,0.89953174073446962
DNAH7,26,1.0,0.9212486692311429,1.0,0.072147584984449661,0.89953174073446962
CUX1,11,1.0,0.9212486692311429,1.0,0.073307363390361979,0.89953174073446962
MYH6,12,1.0,0.9212486692311429,1.0,0.077284109605424894,0.89953174073446962
COL11A2,13,1.0,0.9212486692311429,1.0,0.088386241942370034,0.89953174073446962
NRK,17,1.0,0.9212486692311429,1.0,0.088386241942370034,0.89953174073446962
KIF2B,14,1.0,0.9212486692311429,1.0,0.092143374414044202,0.89953174073446962
NOS1,11,1.0,0.9212486692311429,1.0,0.093249279719223685,0.89953174073446962
CNTN6,9,1.0,0.9212486692311429,1.0,0.093399164367049869,0.89953174073446962
SRCAP,12,1.0,0.9212486692311429,1.0,0.11482150235908244,0.89953174073446962
OR2L13,9,1.0,0.9212486692311429,1.0,0.12390155318196544,0.89953174073446962
RALGAPA2,12,1.0,0.9212486692311429,1.0,0.13945152073562556,0.89953174073446962
ALPK2,18,1.0,0.9212486692311429,1.0,0.14151087713062288,0.89953174073446962
ESRRG,12,1.0,0.9212486692311429,1.0,0.17408279566323551,0.89953174073446962
CREBBP,15,1.0,0.9212486692311429,1.0,0.37571229738324996,0.89953174073446962
NCOA2,12,1.0,0.9212486692311429,1.0,0.91132332875839328,0.89953174073446962
LRP2,33,1.0,0.9212486692311429,1.0,0.010107846037390299,0.90025417655498607
ERBB4,12,1.0,0.9212486692311429,1.0,0.015262654803602456,0.90025417655498607
LEPR,15,1.0,0.9212486692311429,1.0,0.1994783131867047,0.90025417655498607
GFRAL,11,1.0,0.9212486692311429,1.0,0.0055859169848652013,0.90854186511171131
DCAF12L1,10,1.0,0.9212486692311429,1.0,0.13575430254660878,0.90854186511171131
PCDH11X,26,1.0,0.9212486692311429,1.0,0.086117337773703798,0.91024978237823673
OR9G9,11,1.0,0.9212486692311429,1.0,0.010398863271653281,0.91421028927698189
C9orf79,13,1.0,0.9212486692311429,1.0,0.21985381112842295,0.91421028927698189
MED12L,13,1.0,0.9212486692311429,1.0,0.039118199251553708,0.92315584640137682
OR11L1,11,1.0,0.9212486692311429,1.0,0.040905250844518362,0.92315584640137682
TRIM58,14,1.0,0.9212486692311429,1.0,0.01080479865347321,0.92330960072584589
RYR2,70,1.0,0.9212486692311429,1.0,0.0021281324091500676,0.92637595752191348
PXDNL,25,1.0,0.9212486692311429,1.0,0.012555072899163289,0.93005010954233136
MYH2,27,1.0,0.9212486692311429,1.0,0.02857608193344879,0.93005010954233136
C6,17,1.0,0.9212486692311429,1.0,0.058285300976300455,0.93005010954233136
GREB1,12,1.0,0.9212486692311429,1.0,0.25586343006927276,0.93005010954233136
SPTA1,38,1.0,0.9212486692311429,1.0,0.011752197885091532,0.93780067637084941
SLC13A1,12,1.0,0.9212486692311429,1.0,0.44489934251165947,0.94001921261460475
CACNA1C,13,1.0,0.9212486692311429,1.0,0.091195246953702291,0.95013443591795321
TAF1L,19,1.0,0.9212486692311429,1.0,0.1873273381108867,0.95550729940703194
SPHKAP,24,1.0,0.9212486692311429,1.0,0.00316724803076041,0.96955701141141259
PCDHB10,12,1.0,0.9212486692311429,1.0,0.52047259384077649,0.99577021533803389
WNK1,15,1.0,0.92983931602570147,1.0,0.038979267601190096,0.92315584640137682
SALL1,10,1.0,0.94239689712731722,1.0,0.010313415565158168,0.89283905518661377
SPAG17,16,1.0,0.94239689712731722,1.0,0.031743376894663701,0.89283905518661377
EPHB1,12,1.0,0.94239689712731722,1.0,0.3916471665997579,0.89283905518661377
FAM5C,27,1.0,0.94239689712731722,1.0,0.071301835329056068,0.89953174073446962
FBN2,20,1.0,0.94239689712731722,1.0,0.038879384219898352,0.92315584640137682
FAM47A,14,1.0,0.94408758115739144,1.0,0.13986929273147525,0.89953174073446962
DMBT1,11,1.0,0.94562492291665556,1.0,0.0055859169848652013,0.89283905518661377
RYR1,24,1.0,0.94562492291665556,1.0,0.013483038435145171,0.90025417655498607
EPHA3,11,1.0,0.94562492291665556,1.0,0.17243638060226782,0.90025417655498607
C6orf97,12,1.0,0.94562492291665556,1.0,0.037941898057863091,0.90854186511171131
FN1,19,1.0,0.94562492291665556,1.0,0.12390155318196544,0.91024978237823673
C12orf51,13,1.0,0.94562492291665556,1.0,0.3962399464704654,0.92315584640137682
TEX15,12,1.0,0.94562492291665556,1.0,0.010313415565158168,0.92637595752191348
LPA,13,1.0,0.9457109586995387,1.0,0.013342645325040882,0.92315584640137682
ITPR2,13,1.0,0.94630423726205581,1.0,0.084161680816102286,0.89283905518661377
SCN1A,24,1.0,0.94630423726205581,1.0,0.0054174492833136897,0.89953174073446962
PDZRN4,9,1.0,0.94630423726205581,1.0,0.015262654803602456,0.89953174073446962
COL12A1,18,1.0,0.94630423726205581,1.0,0.058561463450945178,0.92315584640137682
OBSCN,19,1.0,0.9468216425541025,1.0,0.026371688385782684,0.89283905518661377
POTEE,11,1.0,0.9468216425541025,1.0,0.0023016886354686951,0.89953174073446962
DMD,30,1.0,0.9468216425541025,1.0,0.027541101249478908,0.89953174073446962
ZNF208,23,1.0,0.9468216425541025,1.0,0.029044368864609846,0.89953174073446962
REG1A,11,1.0,0.9468216425541025,1.0,0.042565663379721619,0.89953174073446962
POLQ,15,1.0,0.9468216425541025,1.0,0.043141912229633178,0.89953174073446962
DNAH5,29,1.0,0.9468216425541025,1.0,0.043270457592281174,0.89953174073446962
TDRD5,13,1.0,0.9468216425541025,1.0,0.079245380512515728,0.89953174073446962
MS4A14,13,1.0,0.9468216425541025,1.0,0.08807864413561213,0.89953174073446962
CACNA1E,16,1.0,0.9468216425541025,1.0,0.092143374414044202,0.89953174073446962
DOCK2,14,1.0,0.9468216425541025,1.0,0.10765276758578232,0.89953174073446962
SLC4A10,12,1.0,0.9468216425541025,1.0,0.38658789287334,0.89953174073446962
MYH4,19,1.0,0.9468216425541025,1.0,0.024037359551793664,0.90025417655498607
SSPO,22,1.0,0.9468216425541025,1.0,0.28335587833726861,0.90025417655498607
FSCB,17,1.0,0.9468216425541025,1.0,0.0045967588506459472,0.91024978237823673
BIRC6,22,1.0,0.9468216425541025,1.0,0.028109335481679369,0.91152958461896649
FLG,35,1.0,0.9468216425541025,1.0,0.023735316460532636,0.92637595752191348
ZNF676,16,1.0,0.9468216425541025,1.0,0.25065202651601554,0.92637595752191348
LPHN3,16,1.0,0.9468216425541025,1.0,0.036538109879905974,0.93005010954233136
GRM5,12,1.0,0.9468216425541025,1.0,0.086117337773703798,0.93005010954233136
NLRP4,13,1.0,0.9468216425541025,1.0,0.02857608193344879,0.95586950242320678
MYH8,21,1.0,0.9468216425541025,1.0,0.027694408084182592,0.96850812665653396
MDGA2,16,1.0,0.9468216425541025,1.0,0.012401369437626895,0.96955701141141259
FBN3,17,1.0,0.9468216425541025,1.0,0.037861782283244813,0.96955701141141259
MUC4,15,1.0,0.9468216425541025,1.0,0.46597765004778186,0.96955701141141259
COL6A6,18,1.0,0.9468216425541025,1.0,0.057321701021904592,0.97001845924525831
NBEA,12,1.0,0.9468216425541025,1.0,0.1322004651564572,0.97719958506257176
PPFIA2,15,1.0,0.9468216425541025,1.0,0.02857608193344879,0.98216716757840794
COL6A3,12,0.97168872632301972,0.9507982160985643,1.0,0.087002101475990037,0.89283905518661377
AKAP13,16,1.0,0.9507982160985643,1.0,0.4714740026300121,0.89283905518661377
HIVEP3,11,1.0,0.9507982160985643,1.0,0.24211940933076956,0.89953174073446962
ANKRD30A,21,1.0,0.9507982160985643,1.0,0.040905250844518362,0.97001845924525831
ITGA8,12,1.0,0.9507982160985643,1.0,0.048183815188552921,0.97719958506257176
LYST,14,1.0,0.95676657258632603,1.0,0.035802954804950674,0.89953174073446962
USP34,19,1.0,0.95676657258632603,1.0,0.017202447802267984,0.90854186511171131
ZFHX3,12,1.0,0.95676657258632603,1.0,0.057164864873163523,0.92637595752191348
CTNND2,14,1.0,0.95676657258632603,1.0,0.11619647606090266,0.93358450731515652
MYH15,16,1.0,0.95676657258632603,1.0,0.071301835329056068,0.94001921261460475
MCF2L2,13,1.0,0.95785245473995451,1.0,0.013342645325040882,0.97719958506257176
MUC16,75,1.0,0.95882237631850675,1.0,0.0055859169848652013,0.89953174073446962
ALMS1,19,1.0,0.95882237631850675,1.0,0.0065161388699798688,0.91024978237823673
USH2A,66,1.0,0.95882237631850675,1.0,0.00041956502073004593,0.95586950242320678
COL1A2,11,1.0,0.95882237631850675,1.0,0.14608456875553402,0.97719958506257176
PARD3B,11,1.0,0.9601098168334411,1.0,0.20955894300397029,0.89283905518661377
TNXB,13,1.0,0.9601098168334411,1.0,0.10698829299111977,0.91421028927698189
STAB2,20,1.0,0.9601098168334411,1.0,0.024015523042851462,0.93005010954233136
GP2,11,1.0,0.9601098168334411,1.0,0.055570492010269361,0.93005010954233136
ZFHX4,63,1.0,0.96226638547886378,1.0,0.012002266770829537,0.90854186511171131
OR4S2,11,1.0,0.96226638547886378,1.0,0.24461035755081836,0.97001845924525831
TMEM132D,19,1.0,0.96226638547886378,1.0,0.039801113143332428,0.97452300402843872
ZIC1,15,1.0,0.96226638547886378,1.0,0.25586343006927276,0.97542508710865883
SRRM2,12,1.0,0.96784691960389901,1.0,0.028109335481679369,0.90854186511171131
PCDH15,25,1.0,0.97127996661664684,1.0,0.0040958799628898418,0.94001921261460475
HERC1,10,1.0,0.97668872885540903,1.0,0.037891642594306774,0.91024978237823673
ADAMTS16,16,1.0,0.97668872885540903,1.0,0.056583904212262677,0.92315584640137682
PDZD2,15,1.0,0.97668872885540903,1.0,0.33817407286552298,0.92315584640137682
ZDBF2,15,1.0,0.97668872885540903,1.0,0.057166251470946228,0.96144660719342423
PCDH10,16,1.0,0.97668872885540903,1.0,0.47513727915936604,0.99577021533803389
EFCAB6,10,1.0,0.97668872885540903,1.0,0.25065202651601554,0.99586341169163206
PPFIA1,11,1.0,0.97877659152425855,1.0,0.3210716838638985,0.89953174073446962
MLL3,30,1.0,0.98219413692324387,1.0,0.012555072899163289,0.97001845924525831
GOLGB1,16,1.0,0.99014517409461256,1.0,0.00316724803076041,0.90025417655498607
NES,12,1.0,0.99014517409461256,1.0,0.026097952376167105,0.92084715648601001
SORCS3,15,1.0,0.99014517409461256,1.0,0.090988054662515694,0.92315584640137682
FAT3,23,1.0,0.99014517409461256,1.0,0.086594599721522919,0.93005010954233136
AHNAK,23,1.0,0.99014517409461256,1.0,0.19207987938583518,0.95073166083734506
RYR3,39,1.0,0.99014517409461256,1.0,0.012382704553160203,0.96144660719342423
KIRREL2,11,1.0,0.99014517409461256,1.0,0.033026352535621403,0.98799942397638785
UNC13A,12,1.0,0.99014517409461256,1.0,0.045423378197312403,0.99586341169163206
RTN1,11,1.0,0.99200106145373934,1.0,0.011752197885091532,0.89953174073446962
DLG2,12,1.0,0.99200106145373934,1.0,0.046802253744948438,0.89953174073446962
RGS7,12,1.0,0.99200106145373934,1.0,0.093249279719223685,0.90086567287299424
WBSCR17,11,0.9467782328576313,0.99200106145373934,1.0,0.40650740624174569,0.91024978237823673
LILRA2,11,1.0,0.99200106145373934,1.0,0.15259196331480043,0.91024978237823673
DPPA4,12,1.0,0.99200106145373934,1.0,0.061591423921410565,0.91152958461896649
SLITRK5,14,1.0,0.99200106145373934,1.0,0.0023016886354686951,0.91309252147125863
PLXNA4,19,1.0,0.99200106145373934,1.0,0.082887367509920803,0.92315584640137682
MYO18B,17,1.0,0.99200106145373934,1.0,0.0055859169848652013,0.92637595752191348
HEATR7B2,26,1.0,0.99200106145373934,1.0,0.056583904212262677,0.93005010954233136
OR2T4,14,1.0,0.99200106145373934,1.0,0.11765525696163728,0.93005010954233136
COL24A1,18,1.0,0.99200106145373934,1.0,0.00057522328190802972,0.93247604776823967
TPR,18,1.0,0.99200106145373934,1.0,0.0025835225193794401,0.93247604776823967
SELP,11,1.0,0.99200106145373934,1.0,0.015142094063105691,0.94001921261460475
SLC8A1,15,1.0,0.99200106145373934,1.0,0.023735316460532636,0.94001921261460475
OR2T33,11,1.0,0.99200106145373934,1.0,0.042565663379721619,0.94703002204836095
CNGB3,17,1.0,0.99200106145373934,1.0,0.10105876307759404,0.94881522731574564
ADCY8,14,1.0,0.99200106145373934,1.0,0.0055859169848652013,0.95586950242320678
OR4A15,14,1.0,0.99200106145373934,1.0,0.0073772164254088633,0.95586950242320678
F5,17,1.0,0.99200106145373934,1.0,0.010249331387764415,0.96144660719342423
ASTN2,18,1.0,0.99200106145373934,1.0,0.044699186296410461,0.96144660719342423
TIAM1,11,1.0,0.99200106145373934,1.0,0.034164702796405134,0.96779890601645491
BAI3,22,1.0,0.99200106145373934,1.0,0.011752197885091532,0.96955701141141259
TTC21B,11,1.0,0.99200106145373934,1.0,0.022485205367458478,0.96955701141141259
CPS1,24,1.0,0.99200106145373934,1.0,0.036795108674547418,0.96955701141141259
BCHE,13,1.0,0.99200106145373934,1.0,0.17243638060226782,0.96955701141141259
PRIM2,15,1.0,0.99200106145373934,1.0,0.34671403601404971,0.96955701141141259
SPTBN4,13,1.0,0.99200106145373934,1.0,0.70449124446962019,0.96955701141141259
GRM8,11,1.0,0.99200106145373934,1.0,0.043141912229633178,0.97001845924525831
VPS13A,15,1.0,0.99200106145373934,1.0,0.20095001021919368,0.97001845924525831
MUC2,11,1.0,0.99200106145373934,1.0,0.10222569238518189,0.97263102034437254
FLG2,16,1.0,0.99200106145373934,1.0,0.10515334267280654,0.97399829449128705
ODZ4,13,1.0,0.99200106145373934,1.0,0.2029478591884058,0.97452300402843872
CRB1,22,1.0,0.99200106145373934,1.0,0.014072255596902483,0.97542508710865883
WDR17,18,1.0,0.99200106145373934,1.0,0.038979267601190096,0.97542508710865883
NLRP5,14,1.0,0.99200106145373934,1.0,0.73790480719970331,0.97542508710865883
DSCAML1,12,1.0,0.99200106145373934,1.0,0.056583904212262677,0.97719958506257176
MYH7,12,1.0,0.99200106145373934,1.0,0.99996391492938119,0.97719958506257176
LRRTM4,12,1.0,0.99200106145373934,1.0,0.12390155318196544,0.98799942397638785
HDAC9,14,1.0,0.99200106145373934,1.0,0.034164702796405134,0.99420782922262052
GRID2,13,1.0,0.99200106145373934,1.0,0.11482150235908244,0.99577021533803389
FLJ46321,11,1.0,0.99200106145373934,1.0,0.086849643162688436,0.99586341169163206
COL7A1,14,1.0,0.99200106145373934,1.0,0.12390155318196544,0.99586341169163206
KDR,12,1.0,0.99200106145373934,1.0,0.23297384880180672,0.99586341169163206
SCN7A,14,1.0,0.99742909949628955,1.0,0.02857608193344879,0.97001845924525831
ZNF521,10,1.0,0.99797591618105463,1.0,0.045658167163485801,0.96955701141141259
CCDC141,15,1.0,0.99797591618105463,1.0,0.10638799936791891,0.96955701141141259
HERC2,24,1.0,0.99797591618105463,1.0,0.15030277066441305,0.97542508710865883
POTEA,12,1.0,0.99797591618105463,1.0,0.36786235523373267,0.97542508710865883
DOCK11,11,1.0,0.99797591618105463,1.0,0.19207987938583518,0.99586341169163206
DUSP27,11,1.0,0.99797591618105463,1.0,0.28761879435707266,0.99586341169163206
