,n genes,n mut genes,n mut pat,tumor_t1t2,event_free_survival,gender,rate,survival
REACTOME_GLUTATHIONE_CONJUGATION,17,12,20,1.0,0.01152386190044663,1.0,0.14000000000000001,0.019900126975006982
REACTOME_PLATELET_ACTIVATION,167,124,166,1.0,0.048915364149323681,1.0,1.0,0.25838562304746548
SIG_IL4RECEPTOR_IN_B_LYPHOCYTES,27,21,66,1.0,0.25238966108846073,0.83460321353812461,0.5,0.25838562304746548
KEGG_GLYCEROLIPID_METABOLISM,49,37,74,1.0,0.25238966108846073,1.0,0.5,0.25838562304746548
REACTOME_AMINO_ACID_SYNTHESIS_AND_INTERCONVERSION,12,11,27,1.0,0.43310809294276192,1.0,0.5,0.25885004209312795
KEGG_P53_SIGNALING_PATHWAY,69,49,160,1.0,0.43310809294276192,1.0,0.40000000000000002,0.84226354192173813
REACTOME_E2F_TRANSCRIPTIONAL_TARGETS_AT_G1_S,22,13,26,1.0,0.53890132617004072,1.0,0.69999999999999996,0.25885004209312795
KEGG_NEUROTROPHIN_SIGNALING_PATHWAY,126,100,165,1.0,0.53890132617004072,1.0,0.29999999999999999,0.5720335969271173
REACTOME_SEMA4D_IN_SEMAPHORIN_SIGNALING,29,21,56,1.0,0.53890132617004072,1.0,0.34000000000000002,0.67078920434447864
REACTOME_CD28_CO_STIMULATION,29,23,63,1.0,0.53890132617004072,1.0,0.80000000000000004,0.83078619185667857
KEGG_CIRCADIAN_RHYTHM_MAMMAL,13,11,23,1.0,0.53890132617004072,1.0,0.90000000000000002,0.84226354192173813
BIOCARTA_CHEMICAL_PATHWAY,22,15,146,1.0,0.67995809091375847,1.0,0.40000000000000002,0.5720335969271173
SIG_BCR_SIGNALING_PATHWAY,46,40,99,1.0,0.67995809091375847,0.83460321353812461,0.80000000000000004,0.84226354192173813
BIOCARTA_P53HYPOXIA_PATHWAY,23,19,152,1.0,0.71556984438510207,1.0,0.29999999999999999,0.84226354192173813
REACTOME_FORMATION_OF_PLATELET_PLUG,186,139,167,1.0,0.71901947861704052,1.0,0.90000000000000002,0.5720335969271173
REACTOME_G1_PHASE,16,9,25,1.0,0.7196671382881239,1.0,1.0,0.5720335969271173
REACTOME_TOLL_RECEPTOR_CASCADES,86,67,102,1.0,0.77190555513118841,1.0,1.0,0.84226354192173813
REACTOME_REMOVAL_OF_DNA_PATCH_CONTAINING_ABASIC_RESIDUE,15,10,15,1.0,0.79585183229730039,1.0,0.40000000000000002,0.64978189963283728
REACTOME_CD28_DEPENDENT_PI3K_AKT_SIGNALING,19,16,56,1.0,0.79585183229730039,1.0,0.59999999999999998,0.94581545614457196
REACTOME_SEMA3A_PLEXIN_REPULSION_SIGNALING_BY_INHIBITING_INTEGRIN_ADHESION,14,11,54,1.0,0.80496510259415521,1.0,0.40000000000000002,0.84226354192173813
REACTOME_NUCLEAR_RECEPTOR_TRANSCRIPTION_PATHWAY,50,43,78,1.0,0.80496510259415521,1.0,1.0,0.84226354192173813
REACTOME_IONOTROPIC_ACTIVITY_OF_KAINATE_RECEPTORS,12,10,35,1.0,0.80496510259415521,1.0,0.22,0.89395511624096025
BIOCARTA_CTLA4_PATHWAY,21,12,44,1.0,0.80496510259415521,1.0,1.0,0.89395511624096025
BIOCARTA_CXCR4_PATHWAY,24,19,70,1.0,0.80496510259415521,1.0,0.59999999999999998,0.90157432705844398
BIOCARTA_GATA3_PATHWAY,16,12,24,1.0,0.80496510259415521,0.27108417157194076,0.12,0.94581545614457196
REACTOME_TIGHT_JUNCTION_INTERACTIONS,30,24,50,1.0,0.80496510259415521,1.0,0.32000000000000001,0.94581545614457196
REACTOME_GTP_HYDROLYSIS_AND_JOINING_OF_THE_60S_RIBOSOMAL_SUBUNIT,106,36,56,1.0,0.80496510259415521,1.0,0.90000000000000002,0.94581545614457196
KEGG_PPAR_SIGNALING_PATHWAY,69,60,85,1.0,0.80496510259415521,1.0,1.0,0.94581545614457196
REACTOME_INITIAL_TRIGGERING_OF_COMPLEMENT,43,10,26,1.0,0.80496510259415521,1.0,1.0,0.94581545614457196
REACTOME_HORMONE_SENSITIVE_LIPASE_HSL_MEDIATED_TRIACYLGLYCEROL_HYDROLYSIS,12,6,9,0.8405521160516416,0.84746948557756008,1.0,1.0,0.84226354192173813
BIOCARTA_PLCE_PATHWAY,12,9,34,1.0,0.84746948557756008,1.0,0.40000000000000002,0.93659231097460127
BIOCARTA_CTCF_PATHWAY,23,17,160,1.0,0.84746948557756008,1.0,0.071999999999999995,0.94581545614457196
SA_TRKA_RECEPTOR,15,12,51,1.0,0.84746948557756008,1.0,0.29999999999999999,0.94581545614457196
BIOCARTA_P53_PATHWAY,16,11,145,1.0,0.84746948557756008,1.0,0.35999999999999999,0.94581545614457196
KEGG_CITRATE_CYCLE_TCA_CYCLE,32,23,46,1.0,0.84746948557756008,1.0,0.40000000000000002,0.94581545614457196
BIOCARTA_ACTINY_PATHWAY,20,9,23,1.0,0.84746948557756008,1.0,0.5,0.94581545614457196
REACTOME_DARPP32_EVENTS,26,19,38,1.0,0.84746948557756008,1.0,0.5,0.94581545614457196
REACTOME_SEMA4D_INDUCED_CELL_MIGRATION_AND_GROWTH_CONE_COLLAPSE,24,18,47,1.0,0.84746948557756008,1.0,0.59999999999999998,0.94581545614457196
REACTOME_HORMONE_BIOSYNTHESIS,52,38,104,1.0,0.84746948557756008,1.0,0.69999999999999996,0.94581545614457196
REACTOME_RNA_POLYMERASE_III_TRANSCRIPTION_INITIATION_FROM_TYPE_3_PROMOTER,22,14,40,1.0,0.84746948557756008,1.0,0.90000000000000002,0.94581545614457196
REACTOME_TRANSLATION,120,49,69,1.0,0.85489688878066072,1.0,1.0,0.94581545614457196
REACTOME_TOLL_LIKE_RECEPTOR_3_CASCADE,59,49,74,1.0,0.88497324214912154,1.0,1.0,0.94581545614457196
REACTOME_SYNTHESIS_AND_INTERCONVERSION_OF_NUCLEOTIDE_DI_AND_TRIPHOSPHATES,18,13,26,1.0,0.89501925380348413,1.0,0.59999999999999998,0.94581545614457196
BIOCARTA_EIF2_PATHWAY,11,6,22,1.0,0.90531764387612945,1.0,0.22,0.94581545614457196
KEGG_ONE_CARBON_POOL_BY_FOLATE,17,10,28,1.0,0.90531764387612945,1.0,0.22,0.94581545614457196
KEGG_UBIQUITIN_MEDIATED_PROTEOLYSIS,138,98,138,1.0,0.90531764387612945,1.0,0.29999999999999999,0.94581545614457196
REACTOME_MITOTIC_PROMETAPHASE,92,72,113,1.0,0.90531764387612945,1.0,0.29999999999999999,0.94581545614457196
BIOCARTA_RB_PATHWAY,13,10,143,1.0,0.90531764387612945,1.0,0.40000000000000002,0.94581545614457196
BIOCARTA_SHH_PATHWAY,16,14,39,1.0,0.90531764387612945,1.0,0.40000000000000002,0.94581545614457196
REACTOME_POST_NMDA_RECEPTOR_ACTIVATION_EVENTS,32,27,82,1.0,0.90531764387612945,1.0,0.40000000000000002,0.94581545614457196
ST_FAS_SIGNALING_PATHWAY,59,46,156,1.0,0.90531764387612945,1.0,0.40000000000000002,0.94581545614457196
BIOCARTA_LAIR_PATHWAY,17,16,57,1.0,0.90531764387612945,1.0,0.5,0.94581545614457196
BIOCARTA_RHO_PATHWAY,32,21,52,1.0,0.90531764387612945,1.0,0.5,0.94581545614457196
BIOCARTA_TEL_PATHWAY,18,16,148,1.0,0.90531764387612945,1.0,0.5,0.94581545614457196
KEGG_CELL_CYCLE,128,95,163,1.0,0.90531764387612945,1.0,0.5,0.94581545614457196
SIG_CD40PATHWAYMAP,33,27,62,1.0,0.90531764387612945,0.83460321353812461,0.59999999999999998,0.94581545614457196
BIOCARTA_41BB_PATHWAY,17,14,24,1.0,0.90531764387612945,1.0,0.59999999999999998,0.94581545614457196
BIOCARTA_NEUROTRANSMITTERS_PATHWAY,6,6,16,1.0,0.90531764387612945,1.0,0.59999999999999998,0.94581545614457196
REACTOME_TIE2_SIGNALING,18,16,65,1.0,0.90531764387612945,1.0,0.59999999999999998,0.94581545614457196
REACTOME_TRAF6_MEDIATED_INDUCTION_OF_THE_ANTIVIRAL_CYTOKINE_IFN_ALPHA_BETA_CASCADE,53,45,71,1.0,0.90531764387612945,1.0,0.59999999999999998,0.94581545614457196
SA_PTEN_PATHWAY,16,13,64,1.0,0.90531764387612945,1.0,0.59999999999999998,0.94581545614457196
REACTOME_COMPLEMENT_CASCADE,50,16,52,1.0,0.90531764387612945,1.0,0.64000000000000001,0.94581545614457196
BIOCARTA_AKAPCENTROSOME_PATHWAY,15,10,38,1.0,0.90531764387612945,1.0,0.69999999999999996,0.94581545614457196
BIOCARTA_CALCINEURIN_PATHWAY,19,15,36,1.0,0.90531764387612945,1.0,0.69999999999999996,0.94581545614457196
REACTOME_E2F_MEDIATED_REGULATION_OF_DNA_REPLICATION,33,21,59,1.0,0.90531764387612945,1.0,0.69999999999999996,0.94581545614457196
BIOCARTA_ATM_PATHWAY,20,18,140,1.0,0.90531764387612945,1.0,0.80000000000000004,0.94581545614457196
BIOCARTA_NKT_PATHWAY,28,21,35,1.0,0.90531764387612945,1.0,0.80000000000000004,0.94581545614457196
BIOCARTA_PTDINS_PATHWAY,23,20,42,1.0,0.90531764387612945,1.0,0.80000000000000004,0.94581545614457196
BIOCARTA_RACCYCD_PATHWAY,26,19,59,1.0,0.90531764387612945,1.0,0.80000000000000004,0.94581545614457196
REACTOME_MAP_KINASES_ACTIVATION_IN_TLR_CASCADE,44,38,62,1.0,0.90531764387612945,1.0,0.80000000000000004,0.94581545614457196
BIOCARTA_CELLCYCLE_PATHWAY,23,16,54,1.0,0.90531764387612945,1.0,0.90000000000000002,0.94581545614457196
BIOCARTA_COMP_PATHWAY,19,15,51,1.0,0.90531764387612945,1.0,0.90000000000000002,0.94581545614457196
REACTOME_TRANSLATION_INITIATION_COMPLEX_FORMATION,56,23,46,1.0,0.90531764387612945,1.0,0.90000000000000002,0.94581545614457196
BIOCARTA_IGF1R_PATHWAY,23,19,65,1.0,0.90531764387612945,1.0,1.0,0.94581545614457196
KEGG_TOLL_LIKE_RECEPTOR_SIGNALING_PATHWAY,102,76,106,1.0,0.90531764387612945,1.0,1.0,0.94581545614457196
REACTOME_CREB_PHOPHORYLATION_THROUGH_THE_ACTIVATION_OF_RAS,26,22,64,1.0,0.90531764387612945,1.0,1.0,0.94581545614457196
REACTOME_METABLISM_OF_NUCLEOTIDES,71,45,80,1.0,0.90531764387612945,1.0,1.0,0.94581545614457196
REACTOME_NCAM1_INTERACTIONS,44,35,126,1.0,0.90531764387612945,1.0,1.0,0.94581545614457196
REACTOME_P75NTR_RECRUITS_SIGNALLING_COMPLEXES,10,9,20,1.0,0.90531764387612945,1.0,1.0,0.94581545614457196
REACTOME_THROMBIN_SIGNALLING_THROUGH_PROTEINASE_ACTIVATED_RECEPTORS,27,15,20,1.0,0.90531764387612945,1.0,1.0,0.94581545614457196
KEGG_ABC_TRANSPORTERS,44,43,127,1.0,0.90531764387612945,1.0,0.59999999999999998,0.95303234305617335
ST_WNT_BETA_CATENIN_PATHWAY,31,21,57,1.0,0.90531764387612945,1.0,0.59999999999999998,0.95303234305617335
REACTOME_MAPK_TARGETS_NUCLEAR_EVENTS_MEDIATED_BY_MAP_KINASES,30,25,49,1.0,0.90531764387612945,1.0,0.80000000000000004,0.95303234305617335
REACTOME_METABOLISM_OF_CARBOHYDRATES,119,94,139,1.0,0.90531764387612945,1.0,0.5,0.99777273436189684
BIOCARTA_EGF_PATHWAY,31,28,81,1.0,0.90827344867053905,1.0,0.16,0.94581545614457196
BIOCARTA_BCR_PATHWAY,35,29,61,1.0,0.92203329341883733,1.0,0.40000000000000002,0.94581545614457196
BIOCARTA_TID_PATHWAY,19,15,140,1.0,0.92203329341883733,1.0,0.5,0.94581545614457196
REACTOME_BASE_FREE_SUGAR_PHOSPHATE_REMOVAL_VIA_THE_SINGLE_NUCLEOTIDE_REPLACEMENT_PATHWAY,10,7,11,1.0,0.92203329341883733,1.0,0.54000000000000004,0.94581545614457196
REACTOME_DOWN_STREAM_SIGNAL_TRANSDUCTION,35,28,81,1.0,0.92203329341883733,1.0,0.59999999999999998,0.94581545614457196
REACTOME_SLC_MEDIATED_TRANSMEMBRANE_TRANSPORT,169,139,148,1.0,0.92203329341883733,1.0,0.80000000000000004,0.94581545614457196
ST_DIFFERENTIATION_PATHWAY_IN_PC12_CELLS,42,32,77,1.0,0.92203329341883733,1.0,0.80000000000000004,0.94581545614457196
REACTOME_MTORC1_MEDIATED_SIGNALLING,11,8,28,1.0,0.92203329341883733,1.0,0.90000000000000002,0.94581545614457196
KEGG_GLYCEROPHOSPHOLIPID_METABOLISM,77,48,75,1.0,0.92203329341883733,1.0,1.0,0.94581545614457196
REACTOME_GAP_JUNCTION_DEGRADATION,10,9,27,1.0,0.92203329341883733,1.0,1.0,0.94581545614457196
REACTOME_INNATE_IMMUNITY_SIGNALING,136,83,117,1.0,0.92203329341883733,1.0,1.0,0.94581545614457196
BIOCARTA_CLASSIC_PATHWAY,14,11,41,1.0,0.92203329341883733,1.0,0.40000000000000002,0.95626093023762815
BIOCARTA_EDG1_PATHWAY,27,21,85,1.0,0.92203329341883733,1.0,0.5,0.97136640886380021
KEGG_PYRUVATE_METABOLISM,40,31,58,1.0,0.92203329341883733,1.0,0.90000000000000002,0.97136640886380021
KEGG_CYTOKINE_CYTOKINE_RECEPTOR_INTERACTION,267,156,138,1.0,0.92203329341883733,1.0,0.90000000000000002,0.99777273436189684
REACTOME_CELL_DEATH_SIGNALLING_VIA_NRAGE_NRIF_AND_NADE,61,52,119,1.0,0.92203329341883733,1.0,0.90000000000000002,0.99777273436189684
REACTOME_FORMATION_OF_THE_TERNARY_COMPLEX_AND_SUBSEQUENTLY_THE_43S_COMPLEX,49,18,28,1.0,0.92490740901564883,1.0,0.90000000000000002,0.95626093023762815
REACTOME_FANCONI_ANEMIA_PATHWAY,17,11,45,1.0,0.92490740901564883,1.0,0.12,0.99777273436189684
KEGG_BUTANOATE_METABOLISM,34,28,64,0.8405521160516416,0.92747463371213246,1.0,0.29999999999999999,0.94581545614457196
KEGG_HEMATOPOIETIC_CELL_LINEAGE,88,69,107,1.0,0.92747463371213246,1.0,0.080000000000000002,0.94581545614457196
REACTOME_STEROID_HORMONE_BIOSYNTHESIS,14,12,43,1.0,0.92747463371213246,1.0,0.080000000000000002,0.94581545614457196
REACTOME_GAMMA_CARBOXYLATION_TRANSPORT_AND_AMINO_TERMINAL_CLEAVAGE_OF_PROTEINS,10,7,21,1.0,0.92747463371213246,1.0,0.29999999999999999,0.94581545614457196
REACTOME_PHASE_1_FUNCTIONALIZATION,15,9,22,1.0,0.92747463371213246,1.0,0.5,0.94581545614457196
REACTOME_APOPTOSIS,129,86,107,1.0,0.92747463371213246,1.0,0.80000000000000004,0.94581545614457196
KEGG_SPLICEOSOME,128,87,111,1.0,0.92747463371213246,1.0,0.90000000000000002,0.94581545614457196
BIOCARTA_FAS_PATHWAY,30,25,56,1.0,0.92747463371213246,1.0,1.0,0.94581545614457196
REACTOME_REGULATION_OF_LIPID_METABOLISM_BY_PEROXISOME_PROLIFERATOR_ACTIVATED_RECEPTOR_ALPHA,61,54,106,1.0,0.92747463371213246,1.0,0.90000000000000002,0.95303234305617335
REACTOME_TAT_MEDIATED_HIV1_ELONGATION_ARREST_AND_RECOVERY,30,14,30,1.0,0.92747463371213246,1.0,0.90000000000000002,0.95303234305617335
BIOCARTA_RNA_PATHWAY,10,6,137,1.0,0.92747463371213246,1.0,0.29999999999999999,0.95626093023762815
REACTOME_PEROXISOMAL_LIPID_METABOLISM,20,15,35,1.0,0.92747463371213246,1.0,0.40000000000000002,0.95626093023762815
BIOCARTA_LECTIN_PATHWAY,12,10,48,1.0,0.92747463371213246,1.0,0.5,0.95626093023762815
BIOCARTA_RANMS_PATHWAY,10,7,18,1.0,0.92747463371213246,1.0,0.59999999999999998,0.95626093023762815
REACTOME_FORMATION_OF_A_POOL_OF_FREE_40S_SUBUNITS,95,29,41,1.0,0.92747463371213246,1.0,1.0,0.97136640886380021
REACTOME_MRNA_DECAY_BY_3_TO_5_EXORIBONUCLEASE,11,5,7,1.0,0.92747463371213246,1.0,0.90000000000000002,0.98014476403859585
KEGG_PROXIMAL_TUBULE_BICARBONATE_RECLAMATION,23,20,55,1.0,0.92747463371213246,1.0,0.29999999999999999,0.98519012174640463
REACTOME_G_ALPHA_12_13_SIGNALLING_EVENTS,54,48,124,0.8405521160516416,0.92747463371213246,1.0,1.0,0.99777273436189684
BIOCARTA_P38MAPK_PATHWAY,40,28,47,1.0,0.92747463371213246,1.0,0.59999999999999998,0.99777273436189684
BIOCARTA_AKAP13_PATHWAY,12,9,28,1.0,0.92747463371213246,0.83460321353812461,0.90000000000000002,0.99777273436189684
REACTOME_MRNA_SPLICING_MINOR_PATHWAY,42,24,50,1.0,0.92747463371213246,1.0,1.0,0.99777273436189684
BIOCARTA_TGFB_PATHWAY,19,17,55,1.0,0.93286086737082485,1.0,1.0,0.97136640886380021
REACTOME_MITOTIC_M_M_G1_PHASES,157,112,127,1.0,0.93286086737082485,1.0,0.59999999999999998,0.99777273436189684
ST_INTEGRIN_SIGNALING_PATHWAY,78,66,129,1.0,0.93462617237927781,1.0,1.0,0.95626093023762815
REACTOME_ACTIVATION_OF_NMDA_RECEPTOR_UPON_GLUTAMATE_BINDING_AND_POSTSYNAPTIC_EVENTS,36,31,96,1.0,0.93838545747001356,1.0,0.5,0.94581545614457196
KEGG_LEUKOCYTE_TRANSENDOTHELIAL_MIGRATION,118,95,132,1.0,0.93838545747001356,1.0,0.90000000000000002,0.94581545614457196
KEGG_LONG_TERM_POTENTIATION,70,59,132,1.0,0.93838545747001356,1.0,0.40000000000000002,0.98519012174640463
REACTOME_POLYMERASE_SWITCHING,14,9,31,1.0,0.93838545747001356,1.0,0.90000000000000002,0.99777273436189684
REACTOME_STEROID_HORMONES,21,16,84,1.0,0.9482782083455531,1.0,0.29999999999999999,0.97136640886380021
BIOCARTA_ARAP_PATHWAY,18,12,28,1.0,0.9482782083455531,1.0,0.40000000000000002,0.97136640886380021
REACTOME_SIGNALING_BY_WNT,58,35,61,1.0,0.9482782083455531,1.0,0.80000000000000004,0.97136640886380021
KEGG_LYSOSOME,121,87,104,1.0,0.9482782083455531,1.0,1.0,0.97136640886380021
BIOCARTA_HIVNEF_PATHWAY,58,46,85,1.0,0.96192721494807809,1.0,0.90000000000000002,0.94581545614457196
KEGG_ARGININE_AND_PROLINE_METABOLISM,54,40,86,1.0,0.96192721494807809,1.0,1.0,0.94581545614457196
BIOCARTA_IL12_PATHWAY,23,17,39,1.0,0.96192721494807809,1.0,0.40000000000000002,0.95626093023762815
KEGG_VALINE_LEUCINE_AND_ISOLEUCINE_BIOSYNTHESIS,11,10,23,1.0,0.96192721494807809,1.0,0.40000000000000002,0.95626093023762815
KEGG_CYSTEINE_AND_METHIONINE_METABOLISM,34,22,44,1.0,0.96192721494807809,1.0,0.80000000000000004,0.97136640886380021
KEGG_GLYCOSAMINOGLYCAN_DEGRADATION,21,16,32,1.0,0.96192721494807809,1.0,0.80000000000000004,0.97136640886380021
REACTOME_CLASS_A1_RHODOPSIN_LIKE_RECEPTORS,292,210,152,1.0,0.96192721494807809,1.0,0.29999999999999999,0.98519012174640463
REACTOME_CYTOSOLIC_TRNA_AMINOACYLATION,23,19,52,1.0,0.96192721494807809,1.0,0.90000000000000002,0.99777273436189684
REACTOME_PHOSPHOLIPASE_CMEDIATED_CASCADE,23,15,27,1.0,0.96192721494807809,1.0,1.0,0.99777273436189684
WNT_SIGNALING,89,71,105,1.0,0.96606896142057175,1.0,0.59999999999999998,0.97530829165528987
BIOCARTA_RAC1_PATHWAY,23,22,73,1.0,0.96606896142057175,1.0,0.69999999999999996,0.98519012174640463
KEGG_PANTOTHENATE_AND_COA_BIOSYNTHESIS,16,14,32,1.0,0.96654215711774005,1.0,0.59999999999999998,0.98519012174640463
KEGG_GLYOXYLATE_AND_DICARBOXYLATE_METABOLISM,16,11,24,1.0,0.98182809577732999,1.0,0.80000000000000004,0.97136640886380021
REACTOME_PHASE_II_CONJUGATION,60,44,72,1.0,0.98182809577732999,1.0,0.40000000000000002,0.98519012174640463
KEGG_CYTOSOLIC_DNA_SENSING_PATHWAY,56,36,47,1.0,0.98461422601358595,1.0,0.5,0.99777273436189684
REACTOME_ACTIVATED_AMPK_STIMULATES_FATTY_ACID_OXIDATION_IN_MUSCLE,17,14,31,1.0,0.98461422601358595,0.84922321180145399,0.80000000000000004,0.99777273436189684
REACTOME_COSTIMULATION_BY_THE_CD28_FAMILY,70,44,88,1.0,0.98461422601358595,1.0,0.80000000000000004,0.99777273436189684
REACTOME_P75_NTR_RECEPTOR_MEDIATED_SIGNALLING,82,65,127,1.0,0.98461422601358595,1.0,0.90000000000000002,0.99777273436189684
KEGG_GLYCOSAMINOGLYCAN_BIOSYNTHESIS_HEPARAN_SULFATE,26,17,43,1.0,0.98666394126684343,0.84922321180145399,0.59999999999999998,0.94581545614457196
REACTOME_ENDOGENOUS_STEROLS,14,13,42,1.0,0.99339568579570137,1.0,0.23999999999999999,0.94581545614457196
SA_REG_CASCADE_OF_CYCLIN_EXPR,13,8,37,1.0,0.99339568579570137,1.0,0.29999999999999999,0.95626093023762815
REACTOME_REGULATION_OF_AMPK_ACTIVITY_VIA_LKB1,14,11,23,1.0,0.99339568579570137,0.27108417157194076,0.40000000000000002,0.95626093023762815
REACTOME_FORMATION_OF_ATP_BY_CHEMIOSMOTIC_COUPLING,15,4,9,1.0,0.99339568579570137,1.0,0.80000000000000004,0.95626093023762815
REACTOME_ASSOCIATION_OF_TRIC_CCT_WITH_TARGET_PROTEINS_DURING_BIOSYNTHESIS,29,20,48,1.0,0.99339568579570137,1.0,0.90000000000000002,0.96396595544128461
BIOCARTA_EXTRINSIC_PATHWAY,13,10,37,1.0,0.99339568579570137,1.0,0.043999999999999997,0.97136640886380021
REACTOME_UNFOLDED_PROTEIN_RESPONSE,19,14,26,1.0,0.99339568579570137,1.0,0.90000000000000002,0.97136640886380021
KEGG_NITROGEN_METABOLISM,23,18,56,0.8405521160516416,0.99339568579570137,1.0,0.90000000000000002,0.97677514404254295
REACTOME_SIGNALING_BY_PDGF,64,54,132,1.0,0.99339568579570137,1.0,0.34000000000000002,0.97790667251151886
REACTOME_MITOCHONDRIAL_TRNA_AMINOACYLATION,20,17,35,1.0,0.99339568579570137,1.0,0.26000000000000001,0.98519012174640463
BIOCARTA_SRCRPTP_PATHWAY,11,6,17,1.0,0.99339568579570137,1.0,0.5,0.98519012174640463
ST_B_CELL_ANTIGEN_RECEPTOR,39,34,83,1.0,0.99339568579570137,1.0,0.80000000000000004,0.98519012174640463
REACTOME_NUCLEAR_EVENTS_KINASE_AND_TRANSCRIPTION_FACTOR_ACTIVATION,24,19,40,0.8405521160516416,0.99339568579570137,1.0,0.90000000000000002,0.99777273436189684
REACTOME_REGULATION_OF_INSULIN_SECRETION_BY_ACETYLCHOLINE,22,14,48,1.0,0.99339568579570137,1.0,0.29999999999999999,0.99777273436189684
REACTOME_PP2A_MEDIATED_DEPHOSPHORYLATION_OF_KEY_METABOLIC_FACTORS,10,5,16,1.0,0.99339568579570137,0.83460321353812461,0.5,0.99777273436189684
KEGG_OOCYTE_MEIOSIS,114,87,124,1.0,0.99339568579570137,1.0,0.5,0.99777273436189684
REACTOME_GLUCOSE_METABOLISM,56,45,80,1.0,0.99339568579570137,1.0,0.69999999999999996,0.99777273436189684
REACTOME_GENERATION_OF_SECOND_MESSENGER_MOLECULES,37,23,38,1.0,0.99339568579570137,0.83460321353812461,0.80000000000000004,0.99777273436189684
BIOCARTA_TOB1_PATHWAY,21,9,23,1.0,0.99339568579570137,1.0,0.80000000000000004,0.99777273436189684
BIOCARTA_PS1_PATHWAY,14,10,36,1.0,0.99339568579570137,1.0,0.90000000000000002,0.99777273436189684
KEGG_SPHINGOLIPID_METABOLISM,40,30,58,1.0,0.99339568579570137,1.0,1.0,0.99777273436189684
SIG_INSULIN_RECEPTOR_PATHWAY_IN_CARDIAC_MYOCYTES,49,41,103,1.0,0.99339568579570137,1.0,1.0,0.99777273436189684
REACTOME_BRANCHED_CHAIN_AMINO_ACID_CATABOLISM,17,13,19,1.0,0.99879434741994222,1.0,0.80000000000000004,0.94581545614457196
REACTOME_THROMBOXANE_SIGNALLING_THROUGH_TP_RECEPTOR,23,12,16,1.0,0.99879434741994222,1.0,1.0,0.94581545614457196
KEGG_OXIDATIVE_PHOSPHORYLATION,135,53,75,1.0,0.99879434741994222,1.0,0.29999999999999999,0.95303234305617335
REACTOME_GLUTAMATE_NEUROTRANSMITTER_RELEASE_CYCLE,15,9,34,0.8405521160516416,0.99879434741994222,0.83460321353812461,0.40000000000000002,0.95626093023762815
KEGG_INTESTINAL_IMMUNE_NETWORK_FOR_IGA_PRODUCTION,48,31,43,1.0,0.99879434741994222,1.0,0.90000000000000002,0.96396595544128461
REACTOME_MICRORNA_BIOGENESIS,18,9,37,1.0,0.99879434741994222,1.0,0.40000000000000002,0.97136640886380021
BIOCARTA_FIBRINOLYSIS_PATHWAY,12,10,24,1.0,0.99879434741994222,0.84922321180145399,0.59999999999999998,0.97136640886380021
REACTOME_TRKA_SIGNALLING_FROM_THE_PLASMA_MEMBRANE,103,88,138,1.0,0.99879434741994222,1.0,0.69999999999999996,0.97136640886380021
BIOCARTA_NDKDYNAMIN_PATHWAY,19,13,42,1.0,0.99879434741994222,1.0,0.10000000000000001,0.97677514404254295
REACTOME_CRMPS_IN_SEMA3A_SIGNALING,16,14,55,1.0,0.99879434741994222,1.0,0.59999999999999998,0.97677514404254295
BIOCARTA_IL4_PATHWAY,11,10,21,1.0,0.99879434741994222,1.0,0.40000000000000002,0.98519012174640463
KEGG_GAP_JUNCTION,90,77,138,1.0,0.99879434741994222,1.0,0.5,0.98519012174640463
REACTOME_INORGANIC_CATION_ANION_SLC_TRANSPORTERS,94,82,133,1.0,0.99879434741994222,1.0,0.69999999999999996,0.98850997315374722
KEGG_HEDGEHOG_SIGNALING_PATHWAY,56,41,84,1.0,0.99879434741994222,1.0,0.12,0.98871871356068963
REACTOME_COPI_MEDIATED_TRANSPORT,10,8,22,1.0,0.99879434741994222,1.0,0.032000000000000001,0.99014426339730521
KEGG_TGF_BETA_SIGNALING_PATHWAY,86,60,115,1.0,0.99879434741994222,1.0,1.0,0.99014426339730521
REACTOME_LIPOPROTEIN_METABOLISM,27,21,83,0.8405521160516416,0.99879434741994222,1.0,0.35999999999999999,0.99777273436189684
REACTOME_REGULATION_OF_INSULIN_LIKE_GROWTH_FACTOR_ACTIVITY_BY_INSULIN_LIKE_GROWTH_FACTOR_BINDING_PROTEINS,17,11,45,0.8405521160516416,0.99879434741994222,1.0,0.5,0.99777273436189684
REACTOME_CREB_PHOSPHORYLATION_THROUGH_THE_ACTIVATION_OF_CAMKII,16,12,38,0.8405521160516416,0.99879434741994222,1.0,0.56000000000000005,0.99777273436189684
KEGG_GALACTOSE_METABOLISM,26,20,59,0.8405521160516416,0.99879434741994222,1.0,0.69999999999999996,0.99777273436189684
REACTOME_NRAGE_SIGNALS_DEATH_THROUGH_JNK,47,42,112,0.8405521160516416,0.99879434741994222,1.0,0.69999999999999996,0.99777273436189684
BIOCARTA_CHREBP2_PATHWAY,44,27,49,0.8405521160516416,0.99879434741994222,1.0,0.90000000000000002,0.99777273436189684
REACTOME_SPHINGOLIPID_METABOLISM,32,24,43,1.0,0.99879434741994222,1.0,0.0112,0.99777273436189684
KEGG_NEUROACTIVE_LIGAND_RECEPTOR_INTERACTION,272,237,167,1.0,0.99879434741994222,1.0,0.013599999999999999,0.99777273436189684
KEGG_METABOLISM_OF_XENOBIOTICS_BY_CYTOCHROME_P450,70,52,79,1.0,0.99879434741994222,1.0,0.043999999999999997,0.99777273436189684
REACTOME_ADHERENS_JUNCTIONS_INTERACTIONS,29,28,104,1.0,0.99879434741994222,1.0,0.043999999999999997,0.99777273436189684
BIOCARTA_BLYMPHOCYTE_PATHWAY,11,11,36,1.0,0.99879434741994222,1.0,0.051999999999999998,0.99777273436189684
BIOCARTA_FCER1_PATHWAY,39,34,87,1.0,0.99879434741994222,1.0,0.051999999999999998,0.99777273436189684
KEGG_TASTE_TRANSDUCTION,52,41,76,1.0,0.99879434741994222,1.0,0.051999999999999998,0.99777273436189684
KEGG_DRUG_METABOLISM_CYTOCHROME_P450,72,55,88,1.0,0.99879434741994222,1.0,0.059999999999999998,0.99777273436189684
REACTOME_CELL_JUNCTION_ORGANIZATION,84,75,141,1.0,0.99879434741994222,1.0,0.059999999999999998,0.99777273436189684
REACTOME_CLASS_C3_METABOTROPIC_GLUTAMATE_PHEROMONE_RECEPTORS,15,14,67,1.0,0.99879434741994222,1.0,0.059999999999999998,0.99777273436189684
REACTOME_DOUBLE_STRAND_BREAK_REPAIR,21,18,65,1.0,0.99879434741994222,1.0,0.059999999999999998,0.99777273436189684
REACTOME_P2Y_RECEPTORS,13,10,27,1.0,0.99879434741994222,1.0,0.059999999999999998,0.99777273436189684
ST_ERK1_ERK2_MAPK_PATHWAY,29,23,49,1.0,0.99879434741994222,1.0,0.059999999999999998,0.99777273436189684
KEGG_STEROID_HORMONE_BIOSYNTHESIS,55,47,84,1.0,0.99879434741994222,1.0,0.064000000000000001,0.99777273436189684
BIOCARTA_NGF_PATHWAY,18,16,63,1.0,0.99879434741994222,1.0,0.080000000000000002,0.99777273436189684
REACTOME_AMINE_LIGAND_BINDING_RECEPTORS,42,37,77,1.0,0.99879434741994222,1.0,0.080000000000000002,0.99777273436189684
REACTOME_FORMATION_OF_FIBRIN_CLOT_CLOTTING_CASCADE,32,25,86,1.0,0.99879434741994222,1.0,0.080000000000000002,0.99777273436189684
ST_JAK_STAT_PATHWAY,9,8,31,1.0,0.99879434741994222,1.0,0.080000000000000002,0.99777273436189684
REACTOME_REGULATION_OF_INSULIN_SECRETION_BY_FREE_FATTY_ACIDS,20,11,40,1.0,0.99879434741994222,1.0,0.091999999999999998,0.99777273436189684
REACTOME_ACETYLCHOLINE_NEUROTRANSMITTER_RELEASE_CYCLE,11,6,35,1.0,0.99879434741994222,0.84922321180145399,0.10000000000000001,0.99777273436189684
BIOCARTA_CTL_PATHWAY,15,10,19,1.0,0.99879434741994222,1.0,0.10000000000000001,0.99777273436189684
REACTOME_RNA_POLYMERASE_I_PROMOTER_CLEARANCE,82,58,75,1.0,0.99879434741994222,1.0,0.10000000000000001,0.99777273436189684
REACTOME_XENOBIOTICS,15,13,32,1.0,0.99879434741994222,1.0,0.10000000000000001,0.99777273436189684
BIOCARTA_GRANULOCYTES_PATHWAY,14,11,27,1.0,0.99879434741994222,1.0,0.108,0.99777273436189684
KEGG_STARCH_AND_SUCROSE_METABOLISM,52,46,105,1.0,0.99879434741994222,0.89601731370277993,0.12,0.99777273436189684
BIOCARTA_NOS1_PATHWAY,22,18,60,1.0,0.99879434741994222,1.0,0.12,0.99777273436189684
REACTOME_COMMON_PATHWAY,14,10,46,1.0,0.99879434741994222,1.0,0.12,0.99777273436189684
BIOCARTA_D4GDI_PATHWAY,13,11,21,1.0,0.99879434741994222,1.0,0.14000000000000001,0.99777273436189684
BIOCARTA_MONOCYTE_PATHWAY,11,10,32,1.0,0.99879434741994222,1.0,0.14000000000000001,0.99777273436189684
KEGG_ALANINE_ASPARTATE_AND_GLUTAMATE_METABOLISM,32,28,80,1.0,0.99879434741994222,1.0,0.14000000000000001,0.99777273436189684
KEGG_ALDOSTERONE_REGULATED_SODIUM_REABSORPTION,42,37,96,1.0,0.99879434741994222,1.0,0.14000000000000001,0.99777273436189684
KEGG_ASCORBATE_AND_ALDARATE_METABOLISM,25,23,50,1.0,0.99879434741994222,1.0,0.14000000000000001,0.99777273436189684
REACTOME_CITRIC_ACID_CYCLE,19,14,30,1.0,0.99879434741994222,1.0,0.14000000000000001,0.99777273436189684
REACTOME_PLATELET_ADHESION_TO_EXPOSED_COLLAGEN,14,12,52,1.0,0.99879434741994222,1.0,0.14000000000000001,0.99777273436189684
BIOCARTA_IL1R_PATHWAY,33,28,41,1.0,0.99879434741994222,1.0,0.16,0.99777273436189684
KEGG_ALPHA_LINOLENIC_ACID_METABOLISM,19,11,28,1.0,0.99879434741994222,1.0,0.16,0.99777273436189684
REACTOME_CYTOSOLIC_SULFONATION_OF_SMALL_MOLECULES,11,7,14,1.0,0.99879434741994222,1.0,0.16,0.99777273436189684
REACTOME_INTRINSIC_PATHWAY,17,14,59,1.0,0.99879434741994222,1.0,0.16,0.99777273436189684
REACTOME_PURINE_METABOLISM,30,20,47,1.0,0.99879434741994222,1.0,0.16,0.99777273436189684
REACTOME_RECYCLING_OF_BILE_ACIDS_AND_SALTS,11,11,44,1.0,0.99879434741994222,1.0,0.16,0.99777273436189684
REACTOME_GLUCURONIDATION,19,18,40,1.0,0.99879434741994222,1.0,0.17999999999999999,0.99777273436189684
BIOCARTA_CARDIACEGF_PATHWAY,18,16,47,1.0,0.99879434741994222,1.0,0.20000000000000001,0.99777273436189684
BIOCARTA_IGF1_PATHWAY,21,19,76,1.0,0.99879434741994222,1.0,0.20000000000000001,0.99777273436189684
BIOCARTA_TCRA_PATHWAY,13,8,18,1.0,0.99879434741994222,1.0,0.20000000000000001,0.99777273436189684
KEGG_DRUG_METABOLISM_OTHER_ENZYMES,51,38,65,1.0,0.99879434741994222,1.0,0.20000000000000001,0.99777273436189684
REACTOME_PROTEOLYTIC_CLEAVAGE_OF_SNARE_COMPLEX_PROTEINS,16,8,11,1.0,0.99879434741994222,1.0,0.20000000000000001,0.99777273436189684
REACTOME_ZINC_TRANSPORTATION,17,14,30,1.0,0.99879434741994222,1.0,0.20000000000000001,0.99777273436189684
KEGG_GNRH_SIGNALING_PATHWAY,101,77,132,1.0,0.99879434741994222,1.0,0.22,0.99777273436189684
REACTOME_G2_M_CHECKPOINTS,43,34,73,1.0,0.99879434741994222,1.0,0.22,0.99777273436189684
REACTOME_METABOLISM_OF_VITAMINS_AND_COFACTORS,42,28,46,1.0,0.99879434741994222,1.0,0.22,0.99777273436189684
REACTOME_RNA_POLYMERASE_I_TRANSCRIPTION_TERMINATION,21,14,25,1.0,0.99879434741994222,1.0,0.22,0.99777273436189684
BIOCARTA_FMLP_PATHWAY,37,29,53,1.0,0.99879434741994222,1.0,0.23999999999999999,0.99777273436189684
BIOCARTA_SARS_PATHWAY,10,8,19,1.0,0.99879434741994222,1.0,0.23999999999999999,0.99777273436189684
KEGG_ECM_RECEPTOR_INTERACTION,84,77,157,1.0,0.99879434741994222,1.0,0.23999999999999999,0.99777273436189684
KEGG_PORPHYRIN_AND_CHLOROPHYLL_METABOLISM,41,32,64,1.0,0.99879434741994222,1.0,0.23999999999999999,0.99777273436189684
REACTOME_INACTIVATION_OF_APC_VIA_DIRECT_INHIBITION_OF_THE_APCOMPLEX,18,12,25,1.0,0.99879434741994222,1.0,0.23999999999999999,0.99777273436189684
REACTOME_MRNA_DECAY_BY_5_TO_3_EXORIBONUCLEASE,13,7,16,1.0,0.99879434741994222,1.0,0.23999999999999999,0.99777273436189684
BIOCARTA_GH_PATHWAY,28,23,83,1.0,0.99879434741994222,1.0,0.26000000000000001,0.99777273436189684
BIOCARTA_IL5_PATHWAY,10,8,11,1.0,0.99879434741994222,1.0,0.26000000000000001,0.99777273436189684
REACTOME_CONVERSION_FROM_APC_CDC20_TO_APC_CDH1_IN_LATE_ANAPHASE,17,10,19,1.0,0.99879434741994222,1.0,0.26000000000000001,0.99777273436189684
REACTOME_GENES_INVOLVED_IN_APOPTOTIC_CLEAVAGE_OF_CELLULAR_PROTEINS,37,31,80,1.0,0.99879434741994222,1.0,0.26000000000000001,0.99777273436189684
REACTOME_ZINC_INFLUX_INTO_CELLS_BY_THE_SLC39_GENES_FAMILY,10,8,15,1.0,0.99879434741994222,1.0,0.26000000000000001,0.99777273436189684
KEGG_FOLATE_BIOSYNTHESIS,11,6,10,1.0,0.99879434741994222,1.0,0.28000000000000003,0.99777273436189684
KEGG_PROTEASOME,48,26,39,1.0,0.99879434741994222,1.0,0.28000000000000003,0.99777273436189684
ST_WNT_CA2_CYCLIC_GMP_PATHWAY,19,16,45,1.0,0.99879434741994222,0.83460321353812461,0.29999999999999999,0.99777273436189684
BIOCARTA_AT1R_PATHWAY,34,25,61,1.0,0.99879434741994222,1.0,0.29999999999999999,0.99777273436189684
BIOCARTA_BARR_MAPK_PATHWAY,12,11,30,1.0,0.99879434741994222,1.0,0.29999999999999999,0.99777273436189684
BIOCARTA_BIOPEPTIDES_PATHWAY,43,33,68,1.0,0.99879434741994222,1.0,0.29999999999999999,0.99777273436189684
BIOCARTA_CYTOKINE_PATHWAY,21,14,22,1.0,0.99879434741994222,1.0,0.29999999999999999,0.99777273436189684
BIOCARTA_ETS_PATHWAY,18,14,41,1.0,0.99879434741994222,1.0,0.29999999999999999,0.99777273436189684
BIOCARTA_GLYCOLYSIS_PATHWAY,10,8,19,1.0,0.99879434741994222,1.0,0.29999999999999999,0.99777273436189684
BIOCARTA_INTEGRIN_PATHWAY,38,31,65,1.0,0.99879434741994222,1.0,0.29999999999999999,0.99777273436189684
BIOCARTA_INTRINSIC_PATHWAY,23,21,84,1.0,0.99879434741994222,1.0,0.29999999999999999,0.99777273436189684
BIOCARTA_MYOSIN_PATHWAY,31,26,69,1.0,0.99879434741994222,1.0,0.29999999999999999,0.99777273436189684
BIOCARTA_PDGF_PATHWAY,32,28,83,1.0,0.99879434741994222,1.0,0.29999999999999999,0.99777273436189684
BIOCARTA_SPPA_PATHWAY,22,19,43,1.0,0.99879434741994222,1.0,0.29999999999999999,0.99777273436189684
BIOCARTA_STRESS_PATHWAY,25,20,27,1.0,0.99879434741994222,1.0,0.29999999999999999,0.99777273436189684
BIOCARTA_TCYTOTOXIC_PATHWAY,14,8,19,1.0,0.99879434741994222,1.0,0.29999999999999999,0.99777273436189684
KEGG_CELL_ADHESION_MOLECULES_CAMS,134,108,137,1.0,0.99879434741994222,1.0,0.29999999999999999,0.99777273436189684
KEGG_GLYCOLYSIS_GLUCONEOGENESIS,62,49,82,1.0,0.99879434741994222,1.0,0.29999999999999999,0.99777273436189684
KEGG_PENTOSE_AND_GLUCURONATE_INTERCONVERSIONS,28,23,52,1.0,0.99879434741994222,1.0,0.29999999999999999,0.99777273436189684
KEGG_RENIN_ANGIOTENSIN_SYSTEM,17,16,53,1.0,0.99879434741994222,1.0,0.29999999999999999,0.99777273436189684
KEGG_RETINOL_METABOLISM,64,55,79,1.0,0.99879434741994222,1.0,0.29999999999999999,0.99777273436189684
KEGG_RIBOFLAVIN_METABOLISM,16,11,33,1.0,0.99879434741994222,1.0,0.29999999999999999,0.99777273436189684
KEGG_SNARE_INTERACTIONS_IN_VESICULAR_TRANSPORT,38,18,27,1.0,0.99879434741994222,1.0,0.29999999999999999,0.99777273436189684
KEGG_TRYPTOPHAN_METABOLISM,40,32,67,1.0,0.99879434741994222,1.0,0.29999999999999999,0.99777273436189684
REACTOME_APCDC20_MEDIATED_DEGRADATION_OF_CYCLIN_B,18,12,22,1.0,0.99879434741994222,1.0,0.29999999999999999,0.99777273436189684
REACTOME_AUTODEGRADATION_OF_CDH1_BY_CDH1_APC,57,31,46,1.0,0.99879434741994222,1.0,0.29999999999999999,0.99777273436189684
REACTOME_CDC20_PHOSPHO_APC_MEDIATED_DEGRADATION_OF_CYCLIN_A,63,38,56,1.0,0.99879434741994222,1.0,0.29999999999999999,0.99777273436189684
REACTOME_CDC6_ASSOCIATION_WITH_THE_ORC:ORIGIN_COMPLEX,11,7,19,1.0,0.99879434741994222,1.0,0.29999999999999999,0.99777273436189684
REACTOME_CELL_SURFACE_INTERACTIONS_AT_THE_VASCULAR_WALL,94,71,133,1.0,0.99879434741994222,1.0,0.29999999999999999,0.99777273436189684
REACTOME_CYTOCHROME_P450_ARRANGED_BY_SUBSTRATE_TYPE,49,40,80,1.0,0.99879434741994222,1.0,0.29999999999999999,0.99777273436189684
REACTOME_DNA_REPAIR,104,69,111,1.0,0.99879434741994222,1.0,0.29999999999999999,0.99777273436189684
REACTOME_EGFR_DOWNREGULATION,24,20,49,1.0,0.99879434741994222,1.0,0.29999999999999999,0.99777273436189684
REACTOME_NCAM_SIGNALING_FOR_NEURITE_OUT_GROWTH,69,57,150,1.0,0.99879434741994222,1.0,0.29999999999999999,0.99777273436189684
REACTOME_NOTCH_HLH_TRANSCRIPTION_PATHWAY,13,11,55,1.0,0.99879434741994222,1.0,0.29999999999999999,0.99777273436189684
REACTOME_RESOLUTION_OF_AP_SITES_VIA_THE_SINGLE_NUCLEOTIDE_REPLACEMENT_PATHWAY,12,9,15,1.0,0.99879434741994222,1.0,0.29999999999999999,0.99777273436189684
REACTOME_SIGNALING_BY_EGFR,48,40,90,1.0,0.99879434741994222,1.0,0.29999999999999999,0.99777273436189684
REACTOME_SMOOTH_MUSCLE_CONTRACTION,24,17,47,1.0,0.99879434741994222,1.0,0.29999999999999999,0.99777273436189684
SA_CASPASE_CASCADE,15,13,27,1.0,0.99879434741994222,1.0,0.29999999999999999,0.99777273436189684
ST_GA12_PATHWAY,22,19,42,1.0,0.99879434741994222,1.0,0.29999999999999999,0.99777273436189684
ST_G_ALPHA_I_PATHWAY,34,29,82,1.0,0.99879434741994222,1.0,0.29999999999999999,0.99777273436189684
ST_STAT3_PATHWAY,11,9,32,1.0,0.99879434741994222,1.0,0.29999999999999999,0.99777273436189684
ST_TYPE_I_INTERFERON_PATHWAY,8,8,32,1.0,0.99879434741994222,1.0,0.29999999999999999,0.99777273436189684
REACTOME_SIGNALING_BY_VEGF,11,8,40,1.0,0.99879434741994222,1.0,0.32000000000000001,0.99777273436189684
BIOCARTA_CDMAC_PATHWAY,16,15,35,1.0,0.99879434741994222,1.0,0.34000000000000002,0.99777273436189684
REACTOME_METABOLISM_OF_LIPIDS_AND_LIPOPROTEINS,228,186,162,1.0,0.99879434741994222,1.0,0.34000000000000002,0.99777273436189684
ST_INTERFERON_GAMMA_PATHWAY,9,7,27,1.0,0.99879434741994222,1.0,0.34000000000000002,0.99777273436189684
KEGG_LINOLEIC_ACID_METABOLISM,29,19,39,1.0,0.99879434741994222,1.0,0.35999999999999999,0.99777273436189684
REACTOME_RNA_POLYMERASE_I_PROMOTER_OPENING,59,42,53,1.0,0.99879434741994222,1.0,0.35999999999999999,0.99777273436189684
SIG_CHEMOTAXIS,44,36,98,1.0,0.99879434741994222,0.83460321353812461,0.40000000000000002,0.99777273436189684
ST_MYOCYTE_AD_PATHWAY,23,20,71,1.0,0.99879434741994222,0.95263840237418418,0.40000000000000002,0.99777273436189684
BIOCARTA_EIF4_PATHWAY,24,21,78,1.0,0.99879434741994222,1.0,0.40000000000000002,0.99777273436189684
BIOCARTA_INFLAM_PATHWAY,29,19,26,1.0,0.99879434741994222,1.0,0.40000000000000002,0.99777273436189684
BIOCARTA_LEPTIN_PATHWAY,11,7,30,1.0,0.99879434741994222,1.0,0.40000000000000002,0.99777273436189684
BIOCARTA_LYM_PATHWAY,11,9,21,1.0,0.99879434741994222,1.0,0.40000000000000002,0.99777273436189684
BIOCARTA_NFAT_PATHWAY,54,41,94,1.0,0.99879434741994222,1.0,0.40000000000000002,0.99777273436189684
BIOCARTA_PAR1_PATHWAY,37,30,88,1.0,0.99879434741994222,1.0,0.40000000000000002,0.99777273436189684
BIOCARTA_PARKIN_PATHWAY,12,9,21,1.0,0.99879434741994222,1.0,0.40000000000000002,0.99777273436189684
BIOCARTA_RAS_PATHWAY,23,20,61,1.0,0.99879434741994222,1.0,0.40000000000000002,0.99777273436189684
KEGG_LIMONENE_AND_PINENE_DEGRADATION,10,7,11,1.0,0.99879434741994222,1.0,0.40000000000000002,0.99777273436189684
KEGG_NICOTINATE_AND_NICOTINAMIDE_METABOLISM,24,17,48,1.0,0.99879434741994222,1.0,0.40000000000000002,0.99777273436189684
KEGG_PEROXISOME,78,56,84,1.0,0.99879434741994222,1.0,0.40000000000000002,0.99777273436189684
KEGG_PROPANOATE_METABOLISM,33,27,53,1.0,0.99879434741994222,1.0,0.40000000000000002,0.99777273436189684
KEGG_SULFUR_METABOLISM,13,7,10,1.0,0.99879434741994222,1.0,0.40000000000000002,0.99777273436189684
KEGG_TERPENOID_BACKBONE_BIOSYNTHESIS,15,11,17,1.0,0.99879434741994222,1.0,0.40000000000000002,0.99777273436189684
KEGG_VALINE_LEUCINE_AND_ISOLEUCINE_DEGRADATION,44,36,57,1.0,0.99879434741994222,1.0,0.40000000000000002,0.99777273436189684
REACTOME_ACTIVATION_OF_RAC,14,13,41,1.0,0.99879434741994222,1.0,0.40000000000000002,0.99777273436189684
REACTOME_ACTIVATION_OF_THE_AP1_FAMILY_OF_TRANSCRIPTION_FACTORS,10,10,17,1.0,0.99879434741994222,1.0,0.40000000000000002,0.99777273436189684
REACTOME_AMINE_COMPOUND_SLC_TRANSPORTERS,29,26,67,1.0,0.99879434741994222,1.0,0.40000000000000002,0.99777273436189684
REACTOME_BIOLOGICAL_OXIDATIONS,127,96,119,1.0,0.99879434741994222,1.0,0.40000000000000002,0.99777273436189684
REACTOME_CENTROSOME_MATURATION,72,55,117,1.0,0.99879434741994222,1.0,0.40000000000000002,0.99777273436189684
REACTOME_COLLAGEN_MEDIATED_ACTIVATION_CASCADE,23,22,76,1.0,0.99879434741994222,1.0,0.40000000000000002,0.99777273436189684
REACTOME_CTLA4_INHIBITORY_SIGNALING,21,17,38,1.0,0.99879434741994222,1.0,0.40000000000000002,0.99777273436189684
REACTOME_EFFECTS_OF_PIP2_HYDROLYSIS,16,15,56,1.0,0.99879434741994222,1.0,0.40000000000000002,0.99777273436189684
REACTOME_G2_M_TRANSITION,84,64,121,1.0,0.99879434741994222,1.0,0.40000000000000002,0.99777273436189684
REACTOME_GLUCOSE_REGULATION_OF_INSULIN_SECRETION,161,85,108,1.0,0.99879434741994222,1.0,0.40000000000000002,0.99777273436189684
REACTOME_GLUCOSE_TRANSPORT,38,32,87,1.0,0.99879434741994222,1.0,0.40000000000000002,0.99777273436189684
REACTOME_HOMOLOGOUS_RECOMBINATION_REPAIR,15,13,46,1.0,0.99879434741994222,1.0,0.40000000000000002,0.99777273436189684
REACTOME_MYOGENESSIS,29,24,62,1.0,0.99879434741994222,1.0,0.40000000000000002,0.99777273436189684
REACTOME_NA_CL_DEPENDENT_NEUROTRANSMITTER_TRANSPORTERS,18,16,46,1.0,0.99879434741994222,1.0,0.40000000000000002,0.99777273436189684
REACTOME_REGULATION_OF_ORNITHINE_DECARBOXYLASE,47,24,35,1.0,0.99879434741994222,1.0,0.40000000000000002,0.99777273436189684
REACTOME_SEROTONIN_RECEPTORS,12,11,31,1.0,0.99879434741994222,1.0,0.40000000000000002,0.99777273436189684
ST_IL_13_PATHWAY,7,6,18,1.0,0.99879434741994222,1.0,0.40000000000000002,0.99777273436189684
BIOCARTA_EIF_PATHWAY,16,11,31,1.0,0.99879434741994222,1.0,0.44,0.99777273436189684
REACTOME_BASE_EXCISION_REPAIR,18,13,23,1.0,0.99879434741994222,1.0,0.44,0.99777273436189684
REACTOME_STEROID_METABOLISM,62,53,94,1.0,0.99879434741994222,1.0,0.44,0.99777273436189684
REACTOME_A_THIRD_PROTEOLYTIC_CLEAVAGE_RELEASES_NICD,10,8,40,1.0,0.99879434741994222,1.0,0.46000000000000002,0.99777273436189684
BIOCARTA_CBL_PATHWAY,13,10,39,1.0,0.99879434741994222,1.0,0.47999999999999998,0.99777273436189684
REACTOME_DOPAMINE_NEUROTRANSMITTER_RELEASE_CYCLE,14,9,29,1.0,0.99879434741994222,0.83460321353812461,0.5,0.99777273436189684
BIOCARTA_CASPASE_PATHWAY,23,17,31,1.0,0.99879434741994222,1.0,0.5,0.99777273436189684
BIOCARTA_EGFR_SMRTE_PATHWAY,11,11,27,1.0,0.99879434741994222,1.0,0.5,0.99777273436189684
BIOCARTA_GPCR_PATHWAY,35,28,54,1.0,0.99879434741994222,1.0,0.5,0.99777273436189684
BIOCARTA_IL10_PATHWAY,17,13,20,1.0,0.99879434741994222,1.0,0.5,0.99777273436189684
BIOCARTA_IL22BP_PATHWAY,16,14,31,1.0,0.99879434741994222,1.0,0.5,0.99777273436189684
BIOCARTA_IL2_PATHWAY,22,17,37,1.0,0.99879434741994222,1.0,0.5,0.99777273436189684
BIOCARTA_KERATINOCYTE_PATHWAY,46,38,67,1.0,0.99879434741994222,1.0,0.5,0.99777273436189684
BIOCARTA_MPR_PATHWAY,34,22,51,1.0,0.99879434741994222,1.0,0.5,0.99777273436189684
BIOCARTA_PYK2_PATHWAY,29,21,47,1.0,0.99879434741994222,1.0,0.5,0.99777273436189684
BIOCARTA_TCR_PATHWAY,47,35,88,1.0,0.99879434741994222,1.0,0.5,0.99777273436189684
KEGG_BASAL_TRANSCRIPTION_FACTORS,36,22,62,1.0,0.99879434741994222,1.0,0.5,0.99777273436189684
KEGG_BASE_EXCISION_REPAIR,35,23,43,1.0,0.99879434741994222,1.0,0.5,0.99777273436189684
KEGG_CARDIAC_MUSCLE_CONTRACTION,80,49,128,1.0,0.99879434741994222,1.0,0.5,0.99777273436189684
KEGG_FC_EPSILON_RI_SIGNALING_PATHWAY,79,62,111,1.0,0.99879434741994222,1.0,0.5,0.99777273436189684
KEGG_FRUCTOSE_AND_MANNOSE_METABOLISM,34,23,44,1.0,0.99879434741994222,1.0,0.5,0.99777273436189684
KEGG_TIGHT_JUNCTION,134,106,161,1.0,0.99879434741994222,1.0,0.5,0.99777273436189684
REACTOME_ACTIVATION_OF_BH3_ONLY_PROTEINS,16,8,13,1.0,0.99879434741994222,1.0,0.5,0.99777273436189684
REACTOME_ADENYLATE_CYCLASE_ACTIVATING_PATHWAY,11,11,50,1.0,0.99879434741994222,1.0,0.5,0.99777273436189684
REACTOME_APOPTOTIC_EXECUTION_PHASE,48,38,83,1.0,0.99879434741994222,1.0,0.5,0.99777273436189684
REACTOME_CDT1_ASSOCIATION_WITH_THE_CDC6_ORC_ORIGIN_COMPLEX,52,30,48,1.0,0.99879434741994222,1.0,0.5,0.99777273436189684
REACTOME_INTRINSIC_PATHWAY_FOR_APOPTOSIS,29,17,27,1.0,0.99879434741994222,1.0,0.5,0.99777273436189684
REACTOME_LATE_PHASE_OF_HIV_LIFE_CYCLE,90,56,111,1.0,0.99879434741994222,1.0,0.5,0.99777273436189684
REACTOME_METABOLISM_OF_BILE_ACIDS_AND_BILE_SALTS,27,26,62,1.0,0.99879434741994222,1.0,0.5,0.99777273436189684
REACTOME_P53_INDEPENDENT_DNA_DAMAGE_RESPONSE,43,23,35,1.0,0.99879434741994222,1.0,0.5,0.99777273436189684
REACTOME_PACKAGING_OF_TELOMERE_ENDS,49,31,44,1.0,0.99879434741994222,1.0,0.5,0.99777273436189684
REACTOME_REGULATION_OF_APC_ACTIVATORS_BETWEEN_G1_S_AND_EARLY_ANAPHASE,71,44,63,1.0,0.99879434741994222,1.0,0.5,0.99777273436189684
REACTOME_REPAIR_SYNTHESIS_OF_PATCH_27_30_BASES_LONG_BY_DNA_POLYMERASE,15,10,22,1.0,0.99879434741994222,1.0,0.5,0.99777273436189684
REACTOME_SHC_RELATED_EVENTS,14,12,31,1.0,0.99879434741994222,1.0,0.5,0.99777273436189684
REACTOME_VITAMIN_B5_(PANTOTHENATE)_METABOLISM,11,10,13,1.0,0.99879434741994222,1.0,0.5,0.99777273436189684
ST_INTERLEUKIN_4_PATHWAY,26,22,73,1.0,0.99879434741994222,1.0,0.5,0.99777273436189684
REACTOME_NEUROTRANSMITTER_RELEASE_CYCLE,28,21,59,1.0,0.99879434741994222,0.83460321353812461,0.59999999999999998,0.99777273436189684
BIOCARTA_AGPCR_PATHWAY,13,11,26,1.0,0.99879434741994222,1.0,0.59999999999999998,0.99777273436189684
BIOCARTA_BARRESTIN_PATHWAY,10,9,30,1.0,0.99879434741994222,1.0,0.59999999999999998,0.99777273436189684
BIOCARTA_DREAM_PATHWAY,14,13,22,1.0,0.99879434741994222,1.0,0.59999999999999998,0.99777273436189684
BIOCARTA_EPO_PATHWAY,19,14,34,1.0,0.99879434741994222,1.0,0.59999999999999998,0.99777273436189684
BIOCARTA_HCMV_PATHWAY,17,17,63,1.0,0.99879434741994222,1.0,0.59999999999999998,0.99777273436189684
BIOCARTA_MEF2D_PATHWAY,21,14,39,1.0,0.99879434741994222,1.0,0.59999999999999998,0.99777273436189684
BIOCARTA_MET_PATHWAY,37,31,98,1.0,0.99879434741994222,1.0,0.59999999999999998,0.99777273436189684
BIOCARTA_MTOR_PATHWAY,23,18,72,1.0,0.99879434741994222,1.0,0.59999999999999998,0.99777273436189684
BIOCARTA_SPRY_PATHWAY,18,14,54,1.0,0.99879434741994222,1.0,0.59999999999999998,0.99777273436189684
BIOCARTA_TFF_PATHWAY,21,17,70,1.0,0.99879434741994222,1.0,0.59999999999999998,0.99777273436189684
BIOCARTA_TH1TH2_PATHWAY,19,15,25,1.0,0.99879434741994222,1.0,0.59999999999999998,0.99777273436189684
KEGG_JAK_STAT_SIGNALING_PATHWAY,155,108,138,1.0,0.99879434741994222,1.0,0.59999999999999998,0.99777273436189684
KEGG_PENTOSE_PHOSPHATE_PATHWAY,27,21,42,1.0,0.99879434741994222,1.0,0.59999999999999998,0.99777273436189684
KEGG_REGULATION_OF_AUTOPHAGY,35,22,49,1.0,0.99879434741994222,1.0,0.59999999999999998,0.99777273436189684
KEGG_RNA_DEGRADATION,59,39,68,1.0,0.99879434741994222,1.0,0.59999999999999998,0.99777273436189684
KEGG_RNA_POLYMERASE,29,13,23,1.0,0.99879434741994222,1.0,0.59999999999999998,0.99777273436189684
KEGG_TYROSINE_METABOLISM,42,31,60,1.0,0.99879434741994222,1.0,0.59999999999999998,0.99777273436189684
REACTOME_BETACATENIN_PHOSPHORYLATION_CASCADE,13,9,32,1.0,0.99879434741994222,1.0,0.59999999999999998,0.99777273436189684
REACTOME_CLASSICAL_ANTIBODY_MEDIATED_COMPLEMENT_ACTIVATION,35,4,9,1.0,0.99879434741994222,1.0,0.59999999999999998,0.99777273436189684
REACTOME_DNA_REPLICATION_PRE_INITIATION,76,48,86,1.0,0.99879434741994222,1.0,0.59999999999999998,0.99777273436189684
REACTOME_E2F_ENABLED_INHIBITION_OF_PRE_REPLICATION_COMPLEX_FORMATION,10,7,16,1.0,0.99879434741994222,1.0,0.59999999999999998,0.99777273436189684
REACTOME_GAP_JUNCTION_ASSEMBLY,19,12,26,1.0,0.99879434741994222,1.0,0.59999999999999998,0.99777273436189684
REACTOME_M_G1_TRANSITION,61,36,60,1.0,0.99879434741994222,1.0,0.59999999999999998,0.99777273436189684
REACTOME_ORC1_REMOVAL_FROM_CHROMATIN,63,38,70,1.0,0.99879434741994222,1.0,0.59999999999999998,0.99777273436189684
REACTOME_OTHER_SEMAPHORIN_INTERACTIONS,16,15,66,1.0,0.99879434741994222,1.0,0.59999999999999998,0.99777273436189684
REACTOME_PLC_BETA_MEDIATED_EVENTS,38,32,90,1.0,0.99879434741994222,1.0,0.59999999999999998,0.99777273436189684
REACTOME_PROCESSING_OF_CAPPED_INTRON_CONTAINING_PRE_MRNA,138,99,129,1.0,0.99879434741994222,1.0,0.59999999999999998,0.99777273436189684
REACTOME_SIGNALLING_BY_NGF,215,177,166,1.0,0.99879434741994222,1.0,0.59999999999999998,0.99777273436189684
REACTOME_SIGNALLING_TO_P38_VIA_RIT_AND_RIN,14,14,28,1.0,0.99879434741994222,1.0,0.59999999999999998,0.99777273436189684
REACTOME_THE_ROLE_OF_NEF_IN_HIV1_REPLICATION_AND_DISEASE_PATHOGENESIS,28,22,48,1.0,0.99879434741994222,1.0,0.59999999999999998,0.99777273436189684
REACTOME_VIF_MEDIATED_DEGRADATION_OF_APOBEC3G,47,25,38,1.0,0.99879434741994222,1.0,0.59999999999999998,0.99777273436189684
REACTOME_VPR_MEDIATED_NUCLEAR_IMPORT_OF_PICS,31,24,73,1.0,0.99879434741994222,1.0,0.59999999999999998,0.99777273436189684
BIOCARTA_MTA3_PATHWAY,19,15,33,1.0,0.99879434741994222,0.83460321353812461,0.69999999999999996,0.99777273436189684
BIOCARTA_PROTEASOME_PATHWAY,19,8,17,1.0,0.99879434741994222,0.83460321353812461,0.69999999999999996,0.99777273436189684
REACTOME_ACTIVATION_OF_CHAPERONES_BY_IRE1_ALPHA,10,7,11,1.0,0.99879434741994222,0.83460321353812461,0.69999999999999996,0.99777273436189684
BIOCARTA_AHSP_PATHWAY,13,6,10,1.0,0.99879434741994222,1.0,0.69999999999999996,0.99777273436189684
BIOCARTA_BAD_PATHWAY,26,20,67,1.0,0.99879434741994222,1.0,0.69999999999999996,0.99777273436189684
BIOCARTA_CACAM_PATHWAY,14,7,11,1.0,0.99879434741994222,1.0,0.69999999999999996,0.99777273436189684
BIOCARTA_CCR5_PATHWAY,18,10,25,1.0,0.99879434741994222,1.0,0.69999999999999996,0.99777273436189684
BIOCARTA_CK1_PATHWAY,17,14,38,1.0,0.99879434741994222,1.0,0.69999999999999996,0.99777273436189684
BIOCARTA_GSK3_PATHWAY,27,20,65,1.0,0.99879434741994222,1.0,0.69999999999999996,0.99777273436189684
BIOCARTA_HIF_PATHWAY,15,11,26,1.0,0.99879434741994222,1.0,0.69999999999999996,0.99777273436189684
BIOCARTA_IL2RB_PATHWAY,38,29,69,1.0,0.99879434741994222,1.0,0.69999999999999996,0.99777273436189684
BIOCARTA_MAL_PATHWAY,19,16,27,1.0,0.99879434741994222,1.0,0.69999999999999996,0.99777273436189684
BIOCARTA_MCM_PATHWAY,18,11,30,1.0,0.99879434741994222,1.0,0.69999999999999996,0.99777273436189684
BIOCARTA_SALMONELLA_PATHWAY,13,6,12,1.0,0.99879434741994222,1.0,0.69999999999999996,0.99777273436189684
KEGG_ADHERENS_JUNCTION,75,62,122,1.0,0.99879434741994222,1.0,0.69999999999999996,0.99777273436189684
KEGG_ETHER_LIPID_METABOLISM,33,17,35,1.0,0.99879434741994222,1.0,0.69999999999999996,0.99777273436189684
KEGG_MELANOGENESIS,102,79,115,1.0,0.99879434741994222,1.0,0.69999999999999996,0.99777273436189684
KEGG_N_GLYCAN_BIOSYNTHESIS,46,33,52,1.0,0.99879434741994222,1.0,0.69999999999999996,0.99777273436189684
KEGG_PRIMARY_BILE_ACID_BIOSYNTHESIS,16,15,26,1.0,0.99879434741994222,1.0,0.69999999999999996,0.99777273436189684
REACTOME_ACTIVATED_TAK1_MEDIATES_P38_MAPK_ACTIVATION,13,12,24,1.0,0.99879434741994222,1.0,0.69999999999999996,0.99777273436189684
REACTOME_APOPTOTIC_CLEAVAGE_OF_CELL_ADHESION_PROTEINS,11,8,35,1.0,0.99879434741994222,1.0,0.69999999999999996,0.99777273436189684
REACTOME_ASSOCIATION_OF_LICENSING_FACTORS_WITH_THE_PREREPLICATIVE_COMPLEX,12,8,19,1.0,0.99879434741994222,1.0,0.69999999999999996,0.99777273436189684
REACTOME_CASPASE_MEDIATED_CLEAVAGE_OF_CYTOSKELETAL_PROTEINS,12,9,30,1.0,0.99879434741994222,1.0,0.69999999999999996,0.99777273436189684
REACTOME_CELLEXTRACELLULAR_MATRIX_INTERACTIONS,16,14,39,1.0,0.99879434741994222,1.0,0.69999999999999996,0.99777273436189684
REACTOME_CELL_CYCLE_MITOTIC,306,217,156,1.0,0.99879434741994222,1.0,0.69999999999999996,0.99777273436189684
REACTOME_ETHANOL_OXIDATION,10,7,12,1.0,0.99879434741994222,1.0,0.69999999999999996,0.99777273436189684
REACTOME_FACILITATIVE_NA_INDEPENDENT_GLUCOSE_TRANSPORTERS,12,8,19,1.0,0.99879434741994222,1.0,0.69999999999999996,0.99777273436189684
REACTOME_GLUCOSE_AND_OTHER_SUGAR_SLC_TRANSPORTERS,82,63,103,1.0,0.99879434741994222,1.0,0.69999999999999996,0.99777273436189684
REACTOME_GLYCOLYSIS,22,16,32,1.0,0.99879434741994222,1.0,0.69999999999999996,0.99777273436189684
REACTOME_GRB2_EVENTS_IN_EGFR_SIGNALING,13,12,35,1.0,0.99879434741994222,1.0,0.69999999999999996,0.99777273436189684
REACTOME_P130CAS_LINKAGE_TO_MAPK_SIGNALING_FOR_INTEGRINS,15,13,61,1.0,0.99879434741994222,1.0,0.69999999999999996,0.99777273436189684
REACTOME_RAS_ACTIVATION_UOPN_CA2_INFUX_THROUGH_NMDA_RECEPTOR,18,14,50,1.0,0.99879434741994222,1.0,0.69999999999999996,0.99777273436189684
REACTOME_REMOVAL_OF_THE_FLAP_INTERMEDIATE_FROM_THE_C_STRAND,10,6,7,1.0,0.99879434741994222,1.0,0.69999999999999996,0.99777273436189684
REACTOME_RNA_POLYMERASE_I_TRANSCRIPTION_INITIATION,24,17,31,1.0,0.99879434741994222,1.0,0.69999999999999996,0.99777273436189684
REACTOME_SOS_MEDIATED_SIGNALLING,13,12,30,1.0,0.99879434741994222,1.0,0.69999999999999996,0.99777273436189684
REACTOME_SYNTHESIS_OF_GLYCOSYLPHOSPHATIDYLINOSITOL,17,11,23,1.0,0.99879434741994222,1.0,0.69999999999999996,0.99777273436189684
REACTOME_TRAFFICKING_OF_GLUR2_CONTAINING_AMPA_RECEPTORS,16,14,55,1.0,0.99879434741994222,1.0,0.69999999999999996,0.99777273436189684
REACTOME_TRANSPORT_OF_MATURE_MRNA_DERIVED_FROM_AN_INTRON_CONTAINING_TRANSCRIPT,51,40,91,1.0,0.99879434741994222,1.0,0.69999999999999996,0.99777273436189684
ST_INTERLEUKIN_13_PATHWAY,7,6,18,1.0,0.99879434741994222,1.0,0.69999999999999996,0.99777273436189684
ST_P38_MAPK_PATHWAY,35,27,45,1.0,0.99879434741994222,1.0,0.69999999999999996,0.99777273436189684
ST_TUMOR_NECROSIS_FACTOR_PATHWAY,28,23,32,1.0,0.99879434741994222,1.0,0.69999999999999996,0.99777273436189684
REACTOME_LYSOSOME_VESICLE_BIOGENESIS,24,19,36,1.0,0.99879434741994222,0.83460321353812461,0.80000000000000004,0.99777273436189684
REACTOME_PYRUVATE_METABOLISM_AND_TCA_CYCLE,36,26,52,1.0,0.99879434741994222,0.83460321353812461,0.80000000000000004,0.99777273436189684
BIOCARTA_AKT_PATHWAY,22,16,58,1.0,0.99879434741994222,1.0,0.80000000000000004,0.99777273436189684
BIOCARTA_AMI_PATHWAY,20,16,56,1.0,0.99879434741994222,1.0,0.80000000000000004,0.99777273436189684
BIOCARTA_ERYTH_PATHWAY,15,8,16,1.0,0.99879434741994222,1.0,0.80000000000000004,0.99777273436189684
BIOCARTA_HSP27_PATHWAY,15,11,19,1.0,0.99879434741994222,1.0,0.80000000000000004,0.99777273436189684
BIOCARTA_NO2IL12_PATHWAY,17,14,38,1.0,0.99879434741994222,1.0,0.80000000000000004,0.99777273436189684
BIOCARTA_PGC1A_PATHWAY,24,16,35,1.0,0.99879434741994222,1.0,0.80000000000000004,0.99777273436189684
BIOCARTA_PLATELETAPP_PATHWAY,14,12,54,1.0,0.99879434741994222,1.0,0.80000000000000004,0.99777273436189684
BIOCARTA_PTC1_PATHWAY,11,8,15,1.0,0.99879434741994222,1.0,0.80000000000000004,0.99777273436189684
BIOCARTA_RELA_PATHWAY,16,13,38,1.0,0.99879434741994222,1.0,0.80000000000000004,0.99777273436189684
BIOCARTA_STATHMIN_PATHWAY,19,14,24,1.0,0.99879434741994222,1.0,0.80000000000000004,0.99777273436189684
BIOCARTA_VITCB_PATHWAY,11,10,51,1.0,0.99879434741994222,1.0,0.80000000000000004,0.99777273436189684
KEGG_B_CELL_RECEPTOR_SIGNALING_PATHWAY,75,62,121,1.0,0.99879434741994222,1.0,0.80000000000000004,0.99777273436189684
KEGG_DNA_REPLICATION,36,25,62,1.0,0.99879434741994222,1.0,0.80000000000000004,0.99777273436189684
KEGG_FC_GAMMA_R_MEDIATED_PHAGOCYTOSIS,97,76,121,1.0,0.99879434741994222,1.0,0.80000000000000004,0.99777273436189684
KEGG_INSULIN_SIGNALING_PATHWAY,137,105,135,1.0,0.99879434741994222,1.0,0.80000000000000004,0.99777273436189684
KEGG_NATURAL_KILLER_CELL_MEDIATED_CYTOTOXICITY,137,101,128,1.0,0.99879434741994222,1.0,0.80000000000000004,0.99777273436189684
KEGG_PYRIMIDINE_METABOLISM,98,57,94,1.0,0.99879434741994222,1.0,0.80000000000000004,0.99777273436189684
KEGG_REGULATION_OF_ACTIN_CYTOSKELETON,216,164,154,1.0,0.99879434741994222,1.0,0.80000000000000004,0.99777273436189684
KEGG_VASOPRESSIN_REGULATED_WATER_REABSORPTION,44,31,63,1.0,0.99879434741994222,1.0,0.80000000000000004,0.99777273436189684
REACTOME_ACTIVATION_OF_THE_PRE_REPLICATIVE_COMPLEX,30,23,67,1.0,0.99879434741994222,1.0,0.80000000000000004,0.99777273436189684
REACTOME_BOTULINUM_NEUROTOXICITY,18,10,19,1.0,0.99879434741994222,1.0,0.80000000000000004,0.99777273436189684
REACTOME_CD28_DEPENDENT_VAV1_PATHWAY,11,9,21,1.0,0.99879434741994222,1.0,0.80000000000000004,0.99777273436189684
REACTOME_DEATH_RECEPTOR_SIGNALLING,13,10,12,1.0,0.99879434741994222,1.0,0.80000000000000004,0.99777273436189684
REACTOME_ELECTRON_TRANSPORT_CHAIN,75,29,39,1.0,0.99879434741994222,1.0,0.80000000000000004,0.99777273436189684
REACTOME_ERKS_ARE_INACTIVATED,12,9,17,1.0,0.99879434741994222,1.0,0.80000000000000004,0.99777273436189684
REACTOME_ERK_MAPK_TARGETS,21,17,38,1.0,0.99879434741994222,1.0,0.80000000000000004,0.99777273436189684
REACTOME_G_ALPHA_Z_SIGNALLING_EVENTS,14,13,55,1.0,0.99879434741994222,1.0,0.80000000000000004,0.99777273436189684
REACTOME_INTEGRIN_ALPHAIIBBETA3_SIGNALING,23,19,76,1.0,0.99879434741994222,1.0,0.80000000000000004,0.99777273436189684
REACTOME_LAGGING_STRAND_SYNTHESIS,20,13,35,1.0,0.99879434741994222,1.0,0.80000000000000004,0.99777273436189684
REACTOME_METABOLISM_OF_NITRIC_OXIDE,13,9,16,1.0,0.99879434741994222,1.0,0.80000000000000004,0.99777273436189684
REACTOME_METABOLISM_OF_RNA,96,63,111,1.0,0.99879434741994222,1.0,0.80000000000000004,0.99777273436189684
REACTOME_MRNA_PROCESSING,32,16,35,1.0,0.99879434741994222,1.0,0.80000000000000004,0.99777273436189684
REACTOME_MTOR_SIGNALLING,27,20,49,1.0,0.99879434741994222,1.0,0.80000000000000004,0.99777273436189684
REACTOME_NF_KB_IS_ACTIVATED_AND_SIGNALS_SURVIVAL,10,9,16,1.0,0.99879434741994222,1.0,0.80000000000000004,0.99777273436189684
REACTOME_PKA_ACTIVATION,17,15,55,1.0,0.99879434741994222,1.0,0.80000000000000004,0.99777273436189684
REACTOME_PROSTANOID_HORMONES,11,6,16,1.0,0.99879434741994222,1.0,0.80000000000000004,0.99777273436189684
REACTOME_PYRIMIDINE_CATABOLISM,10,6,18,1.0,0.99879434741994222,1.0,0.80000000000000004,0.99777273436189684
REACTOME_REGULATION_OF_RHEB_GTPASE_ACTIVITY_BY_AMPK,10,6,18,1.0,0.99879434741994222,1.0,0.80000000000000004,0.99777273436189684
REACTOME_RNA_POLYMERASE_III_TRANSCRIPTION,34,23,51,1.0,0.99879434741994222,1.0,0.80000000000000004,0.99777273436189684
REACTOME_RNA_POLYMERASE_II_TRANSCRIPTION,92,56,90,1.0,0.99879434741994222,1.0,0.80000000000000004,0.99777273436189684
REACTOME_SIGNALING_BY_ROBO_RECEPTOR,32,30,76,1.0,0.99879434741994222,1.0,0.80000000000000004,0.99777273436189684
REACTOME_SIGNALLING_TO_ERKS,34,30,65,1.0,0.99879434741994222,1.0,0.80000000000000004,0.99777273436189684
REACTOME_SYNTHESIS_OF_BILE_ACIDS_AND_BILE_SALTS,19,18,34,1.0,0.99879434741994222,1.0,0.80000000000000004,0.99777273436189684
REACTOME_TRANSCRIPTION_COUPLED_NER,44,26,52,1.0,0.99879434741994222,1.0,0.80000000000000004,0.99777273436189684
REACTOME_TRIACYLGLYCERIDE_BIOSYNTHESIS,14,10,21,1.0,0.99879434741994222,1.0,0.80000000000000004,0.99777273436189684
REACTOME_TRNA_AMINOACYLATION,40,35,71,1.0,0.99879434741994222,1.0,0.80000000000000004,0.99777273436189684
ST_ADRENERGIC,34,27,91,1.0,0.99879434741994222,1.0,0.80000000000000004,0.99777273436189684
ST_PHOSPHOINOSITIDE_3_KINASE_PATHWAY,33,23,90,1.0,0.99879434741994222,1.0,0.80000000000000004,0.99777273436189684
REACTOME_ENERGY_DEPENDENT_REGULATION_OF_MTOR_BY_LKB1_AMPK,17,13,29,1.0,0.99879434741994222,0.84922321180145399,0.90000000000000002,0.99777273436189684
REACTOME_IRS_RELATED_EVENTS,79,61,117,1.0,0.99879434741994222,0.84922321180145399,0.90000000000000002,0.99777273436189684
BIOCARTA_ACE2_PATHWAY,13,12,55,1.0,0.99879434741994222,1.0,0.90000000000000002,0.99777273436189684
BIOCARTA_BCELLSURVIVAL_PATHWAY,16,13,61,1.0,0.99879434741994222,1.0,0.90000000000000002,0.99777273436189684
BIOCARTA_CARM1_PATHWAY,13,12,35,1.0,0.99879434741994222,1.0,0.90000000000000002,0.99777273436189684
BIOCARTA_CD40_PATHWAY,15,12,27,1.0,0.99879434741994222,1.0,0.90000000000000002,0.99777273436189684
BIOCARTA_CDK5_PATHWAY,11,11,15,1.0,0.99879434741994222,1.0,0.90000000000000002,0.99777273436189684
BIOCARTA_CFTR_PATHWAY,12,9,30,1.0,0.99879434741994222,1.0,0.90000000000000002,0.99777273436189684
BIOCARTA_NFKB_PATHWAY,23,19,41,1.0,0.99879434741994222,1.0,0.90000000000000002,0.99777273436189684
BIOCARTA_NTHI_PATHWAY,24,19,47,1.0,0.99879434741994222,1.0,0.90000000000000002,0.99777273436189684
BIOCARTA_PITX2_PATHWAY,15,12,53,1.0,0.99879434741994222,1.0,0.90000000000000002,0.99777273436189684
BIOCARTA_SODD_PATHWAY,10,8,10,1.0,0.99879434741994222,1.0,0.90000000000000002,0.99777273436189684
BIOCARTA_TOLL_PATHWAY,37,26,49,1.0,0.99879434741994222,1.0,0.90000000000000002,0.99777273436189684
KEGG_AMINO_SUGAR_AND_NUCLEOTIDE_SUGAR_METABOLISM,44,31,66,1.0,0.99879434741994222,1.0,0.90000000000000002,0.99777273436189684
KEGG_GLYCOSPHINGOLIPID_BIOSYNTHESIS_GLOBO_SERIES,14,8,20,1.0,0.99879434741994222,1.0,0.90000000000000002,0.99777273436189684
KEGG_MISMATCH_REPAIR,23,18,42,1.0,0.99879434741994222,1.0,0.90000000000000002,0.99777273436189684
KEGG_NOD_LIKE_RECEPTOR_SIGNALING_PATHWAY,62,47,86,1.0,0.99879434741994222,1.0,0.90000000000000002,0.99777273436189684
KEGG_NUCLEOTIDE_EXCISION_REPAIR,44,30,54,1.0,0.99879434741994222,1.0,0.90000000000000002,0.99777273436189684
KEGG_PROTEIN_EXPORT,24,13,23,1.0,0.99879434741994222,1.0,0.90000000000000002,0.99777273436189684
KEGG_PURINE_METABOLISM,159,111,145,1.0,0.99879434741994222,1.0,0.90000000000000002,0.99777273436189684
KEGG_T_CELL_RECEPTOR_SIGNALING_PATHWAY,108,86,113,1.0,0.99879434741994222,1.0,0.90000000000000002,0.99777273436189684
REACTOME_AMINE_DERIVED_HORMONES,13,11,25,1.0,0.99879434741994222,1.0,0.90000000000000002,0.99777273436189684
REACTOME_CAM_PATHWAY,26,22,66,1.0,0.99879434741994222,1.0,0.90000000000000002,0.99777273436189684
REACTOME_CHEMOKINE_RECEPTORS_BIND_CHEMOKINES,55,26,39,1.0,0.99879434741994222,1.0,0.90000000000000002,0.99777273436189684
REACTOME_DNA_STRAND_ELONGATION,31,20,52,1.0,0.99879434741994222,1.0,0.90000000000000002,0.99777273436189684
REACTOME_FGFR_LIGAND_BINDING_AND_ACTIVATION,27,18,33,1.0,0.99879434741994222,1.0,0.90000000000000002,0.99777273436189684
REACTOME_GAP_JUNCTION_TRAFFICKING,28,20,45,1.0,0.99879434741994222,1.0,0.90000000000000002,0.99777273436189684
REACTOME_GLUCAGON_SIGNALING_IN_METABOLIC_REGULATION,34,24,68,1.0,0.99879434741994222,1.0,0.90000000000000002,0.99777273436189684
REACTOME_GLUCAGON_TYPE_LIGAND_RECEPTORS,33,19,39,1.0,0.99879434741994222,1.0,0.90000000000000002,0.99777273436189684
REACTOME_HDL_MEDIATED_LIPID_TRANSPORT,11,7,43,1.0,0.99879434741994222,1.0,0.90000000000000002,0.99777273436189684
REACTOME_JNK_PHOSPHORYLATION_AND_ACTIVATION_MEDIATED_BY_ACTIVATED_HUMAN_TAK1,12,11,21,1.0,0.99879434741994222,1.0,0.90000000000000002,0.99777273436189684
REACTOME_LOSS_OF_NLP_FROM_MITOTIC_CENTROSOMES,62,46,110,1.0,0.99879434741994222,1.0,0.90000000000000002,0.99777273436189684
REACTOME_METABOLISM_OF_MRNA,46,29,70,1.0,0.99879434741994222,1.0,0.90000000000000002,0.99777273436189684
REACTOME_MRNA_3_END_PROCESSING,34,25,46,1.0,0.99879434741994222,1.0,0.90000000000000002,0.99777273436189684
REACTOME_MRNA_SPLICING,107,74,95,1.0,0.99879434741994222,1.0,0.90000000000000002,0.99777273436189684
REACTOME_P75NTR_SIGNALS_VIA_NFKB,13,11,23,1.0,0.99879434741994222,1.0,0.90000000000000002,0.99777273436189684
REACTOME_PEPTIDE_CHAIN_ELONGATION,84,24,30,1.0,0.99879434741994222,1.0,0.90000000000000002,0.99777273436189684
REACTOME_PEPTIDE_LIGAND_BINDING_RECEPTORS,173,116,119,1.0,0.99879434741994222,1.0,0.90000000000000002,0.99777273436189684
REACTOME_PHOSPHORYLATION_OF_CD3_AND_TCR_ZETA_CHAINS,26,12,19,1.0,0.99879434741994222,1.0,0.90000000000000002,0.99777273436189684
REACTOME_PI3K_CASCADE,38,27,78,1.0,0.99879434741994222,1.0,0.90000000000000002,0.99777273436189684
REACTOME_POST_TRANSLATIONAL_PROTEIN_MODIFICATION,40,26,50,1.0,0.99879434741994222,1.0,0.90000000000000002,0.99777273436189684
REACTOME_PYRIMIDINE_METABOLISM,22,11,30,1.0,0.99879434741994222,1.0,0.90000000000000002,0.99777273436189684
REACTOME_REMOVAL_OF_THE_FLAP_INTERMEDIATE,14,9,28,1.0,0.99879434741994222,1.0,0.90000000000000002,0.99777273436189684
REACTOME_RHO_GTPASE_CYCLE,124,106,155,1.0,0.99879434741994222,1.0,0.90000000000000002,0.99777273436189684
REACTOME_RNA_POLYMERASE_III_TRANSCRIPTION_INITIATION,29,20,48,1.0,0.99879434741994222,1.0,0.90000000000000002,0.99777273436189684
REACTOME_SEMA3A_PAK_DEPENDENT_AXON_REPULSION,15,13,49,1.0,0.99879434741994222,1.0,0.90000000000000002,0.99777273436189684
REACTOME_SHC_MEDIATED_SIGNALLING,12,11,24,1.0,0.99879434741994222,1.0,0.90000000000000002,0.99777273436189684
REACTOME_SIGNALING_BY_BMP,23,15,31,1.0,0.99879434741994222,1.0,0.90000000000000002,0.99777273436189684
REACTOME_SYNTHESIS_OF_DNA,89,54,94,1.0,0.99879434741994222,1.0,0.90000000000000002,0.99777273436189684
REACTOME_S_PHASE,103,64,103,1.0,0.99879434741994222,1.0,0.90000000000000002,0.99777273436189684
REACTOME_TRANSLOCATION_OF_ZAP70_TO_IMMUNOLOGICAL_SYNAPSE,24,12,15,1.0,0.99879434741994222,1.0,0.90000000000000002,0.99777273436189684
REACTOME_UNWINDING_OF_DNA,11,7,22,1.0,0.99879434741994222,1.0,0.90000000000000002,0.99777273436189684
SA_PROGRAMMED_CELL_DEATH,12,7,14,1.0,0.99879434741994222,1.0,0.90000000000000002,0.99777273436189684
ST_GAQ_PATHWAY,27,23,56,1.0,0.99879434741994222,1.0,0.90000000000000002,0.99777273436189684
ST_G_ALPHA_S_PATHWAY,12,7,18,1.0,0.99879434741994222,1.0,0.90000000000000002,0.99777273436189684
REACTOME_PLATELET_ACTIVATION_TRIGGERS,59,43,88,1.0,0.99879434741994222,0.83460321353812461,1.0,0.99777273436189684
REACTOME_REGULATION_OF_PYRUVATE_DEHYDROGENASE_COMPLEX,12,11,26,1.0,0.99879434741994222,0.84922321180145399,1.0,0.99777273436189684
REACTOME_TCR_SIGNALING,64,43,92,1.0,0.99879434741994222,0.97193056864683425,1.0,0.99777273436189684
BIOCARTA_AKAP95_PATHWAY,12,8,15,1.0,0.99879434741994222,1.0,1.0,0.99777273436189684
BIOCARTA_CARM_ER_PATHWAY,35,27,78,1.0,0.99879434741994222,1.0,1.0,0.99777273436189684
BIOCARTA_CERAMIDE_PATHWAY,22,17,23,1.0,0.99879434741994222,1.0,1.0,0.99777273436189684
BIOCARTA_CREB_PATHWAY,27,24,75,1.0,0.99879434741994222,1.0,1.0,0.99777273436189684
BIOCARTA_DC_PATHWAY,22,19,49,1.0,0.99879434741994222,1.0,1.0,0.99777273436189684
BIOCARTA_ETC_PATHWAY,12,5,10,1.0,0.99879434741994222,1.0,1.0,0.99777273436189684
BIOCARTA_IGF1MTOR_PATHWAY,20,14,60,1.0,0.99879434741994222,1.0,1.0,0.99777273436189684
BIOCARTA_IL17_PATHWAY,17,9,10,1.0,0.99879434741994222,1.0,1.0,0.99777273436189684
BIOCARTA_P35ALZHEIMERS_PATHWAY,11,8,14,1.0,0.99879434741994222,1.0,1.0,0.99777273436189684
BIOCARTA_PPARA_PATHWAY,58,45,115,1.0,0.99879434741994222,1.0,1.0,0.99777273436189684
BIOCARTA_PTEN_PATHWAY,18,16,66,1.0,0.99879434741994222,1.0,1.0,0.99777273436189684
BIOCARTA_RARRXR_PATHWAY,15,15,41,1.0,0.99879434741994222,1.0,1.0,0.99777273436189684
BIOCARTA_TNFR1_PATHWAY,29,23,53,1.0,0.99879434741994222,1.0,1.0,0.99777273436189684
BIOCARTA_TNFR2_PATHWAY,18,13,30,1.0,0.99879434741994222,1.0,1.0,0.99777273436189684
BIOCARTA_VDR_PATHWAY,12,12,58,1.0,0.99879434741994222,1.0,1.0,0.99777273436189684
BIOCARTA_WNT_PATHWAY,26,22,56,1.0,0.99879434741994222,1.0,1.0,0.99777273436189684
KEGG_ADIPOCYTOKINE_SIGNALING_PATHWAY,67,51,83,1.0,0.99879434741994222,1.0,1.0,0.99777273436189684
KEGG_ANTIGEN_PROCESSING_AND_PRESENTATION,89,58,77,1.0,0.99879434741994222,1.0,1.0,0.99777273436189684
KEGG_AXON_GUIDANCE,129,111,153,1.0,0.99879434741994222,1.0,1.0,0.99777273436189684
KEGG_ERBB_SIGNALING_PATHWAY,87,72,115,1.0,0.99879434741994222,1.0,1.0,0.99777273436189684
KEGG_GLYCOSPHINGOLIPID_BIOSYNTHESIS_LACTO_AND_NEOLACTO_SERIES,26,18,38,1.0,0.99879434741994222,1.0,1.0,0.99777273436189684
KEGG_GLYCOSYLPHOSPHATIDYLINOSITOL_GPI_ANCHOR_BIOSYNTHESIS,25,16,25,1.0,0.99879434741994222,1.0,1.0,0.99777273436189684
KEGG_INOSITOL_PHOSPHATE_METABOLISM,54,48,115,1.0,0.99879434741994222,1.0,1.0,0.99777273436189684
KEGG_NON_HOMOLOGOUS_END_JOINING,14,9,33,1.0,0.99879434741994222,1.0,1.0,0.99777273436189684
KEGG_PHENYLALANINE_METABOLISM,18,10,19,1.0,0.99879434741994222,1.0,1.0,0.99777273436189684
KEGG_PHOSPHATIDYLINOSITOL_SIGNALING_SYSTEM,76,67,131,1.0,0.99879434741994222,1.0,1.0,0.99777273436189684
KEGG_PROGESTERONE_MEDIATED_OOCYTE_MATURATION,86,71,129,1.0,0.99879434741994222,1.0,1.0,0.99777273436189684
KEGG_RIG_I_LIKE_RECEPTOR_SIGNALING_PATHWAY,71,52,70,1.0,0.99879434741994222,1.0,1.0,0.99777273436189684
KEGG_SELENOAMINO_ACID_METABOLISM,26,18,27,1.0,0.99879434741994222,1.0,1.0,0.99777273436189684
KEGG_STEROID_BIOSYNTHESIS,17,12,18,1.0,0.99879434741994222,1.0,1.0,0.99777273436189684
REACTOME_ABORTIVE_ELONGATION_OF_HIV1_TRANSCRIPT_IN_THE_ABSENCE_OF_TAT,23,10,21,1.0,0.99879434741994222,1.0,1.0,0.99777273436189684
REACTOME_ACTIVATED_TLR4_SIGNALLING,24,14,39,1.0,0.99879434741994222,1.0,1.0,0.99777273436189684
REACTOME_ACTIVATION_OF_KAINATE_RECEPTORS_UPON_GLUTAMATE_BINDING,32,21,50,1.0,0.99879434741994222,1.0,1.0,0.99777273436189684
REACTOME_APOPTOSIS_INDUCED_DNA_FRAGMENTATION,11,6,8,1.0,0.99879434741994222,1.0,1.0,0.99777273436189684
REACTOME_BILE_SALT_AND_ORGANIC_ANION_SLC_TRANSPORTERS,12,6,17,1.0,0.99879434741994222,1.0,1.0,0.99777273436189684
REACTOME_CHAPERONIN_MEDIATED_PROTEIN_FOLDING,50,34,68,1.0,0.99879434741994222,1.0,1.0,0.99777273436189684
REACTOME_CLASS_B2_SECRETIN_FAMILY_RECEPTORS,85,57,82,1.0,0.99879434741994222,1.0,1.0,0.99777273436189684
REACTOME_CLATHRIN_DERIVED_VESICLE_BUDDING,61,45,76,1.0,0.99879434741994222,1.0,1.0,0.99777273436189684
REACTOME_CYCLIN_A1_ASSOCIATED_EVENTS_DURING_G2_M_TRANSITION,15,12,19,1.0,0.99879434741994222,1.0,1.0,0.99777273436189684
REACTOME_DEPOLARIZATION_OF_THE_PRESYNAPTIC_TERMINAL_TRIGGERS_THE_OPENING_OF_CALCIUM_CHANNELS,12,11,50,1.0,0.99879434741994222,1.0,1.0,0.99777273436189684
REACTOME_DOWNSTREAM_SIGNALING_OF_ACTIVATED_FGFR,43,31,89,1.0,0.99879434741994222,1.0,1.0,0.99777273436189684
REACTOME_DOWNSTREAM_TCR_SIGNALING,47,30,80,1.0,0.99879434741994222,1.0,1.0,0.99777273436189684
REACTOME_DUAL_INCISION_REACTION_IN_GG_NER,20,14,25,1.0,0.99879434741994222,1.0,1.0,0.99777273436189684
REACTOME_DUAL_INCISION_REACTION_IN_TC_NER,28,15,31,1.0,0.99879434741994222,1.0,1.0,0.99777273436189684
REACTOME_ELONGATION_AND_PROCESSING_OF_CAPPED_TRANSCRIPTS,134,90,105,1.0,0.99879434741994222,1.0,1.0,0.99777273436189684
REACTOME_EXTENSION_OF_TELOMERES,28,18,50,1.0,0.99879434741994222,1.0,1.0,0.99777273436189684
REACTOME_FORMATION_AND_MATURATION_OF_MRNA_TRANSCRIPT,152,101,121,1.0,0.99879434741994222,1.0,1.0,0.99777273436189684
REACTOME_FORMATION_OF_THE_EARLY_ELONGATION_COMPLEX,32,15,28,1.0,0.99879434741994222,1.0,1.0,0.99777273436189684
REACTOME_FORMATION_OF_TUBULIN_FOLDING_INTERMEDIATES_BY_CCT_TRIC,22,16,29,1.0,0.99879434741994222,1.0,1.0,0.99777273436189684
REACTOME_G1_S_TRANSITION,102,66,108,1.0,0.99879434741994222,1.0,1.0,0.99777273436189684
REACTOME_GENERIC_TRANSCRIPTION_PATHWAY,35,25,78,1.0,0.99879434741994222,1.0,1.0,0.99777273436189684
REACTOME_GLOBAL_GENOMIC_NER,33,23,46,1.0,0.99879434741994222,1.0,1.0,0.99777273436189684
REACTOME_GLYCOGEN_BREAKDOWN_GLYCOGENOLYSIS,16,14,40,1.0,0.99879434741994222,1.0,1.0,0.99777273436189684
REACTOME_GOLGI_ASSOCIATED_VESICLE_BIOGENESIS,54,39,71,1.0,0.99879434741994222,1.0,1.0,0.99777273436189684
REACTOME_GS_ALPHA_MEDIATED_EVENTS_IN_GLUCAGON_SIGNALLING,27,19,63,1.0,0.99879434741994222,1.0,1.0,0.99777273436189684
REACTOME_G_ALPHA_S_SIGNALLING_EVENTS,126,92,141,1.0,0.99879434741994222,1.0,1.0,0.99777273436189684
REACTOME_G_PROTEIN_ACTIVATION,28,16,25,1.0,0.99879434741994222,1.0,1.0,0.99777273436189684
REACTOME_G_PROTEIN_BETA_GAMMA_SIGNALLING,28,17,37,1.0,0.99879434741994222,1.0,1.0,0.99777273436189684
REACTOME_INFLUENZA_LIFE_CYCLE,137,59,102,1.0,0.99879434741994222,1.0,1.0,0.99777273436189684
REACTOME_INFLUENZA_VIRAL_RNA_TRANSCRIPTION_AND_REPLICATION,100,30,40,1.0,0.99879434741994222,1.0,1.0,0.99777273436189684
REACTOME_INHIBITION_OF_INSULIN_SECRETION_BY_ADRENALINE_NORADRENALINE,30,17,40,1.0,0.99879434741994222,1.0,1.0,0.99777273436189684
REACTOME_INSULIN_SYNTHESIS_AND_SECRETION,129,48,59,1.0,0.99879434741994222,1.0,1.0,0.99777273436189684
REACTOME_INTEGRATION_OF_ENERGY_METABOLISM,229,136,141,1.0,0.99879434741994222,1.0,1.0,0.99777273436189684
REACTOME_MEMBRANE_TRAFFICKING,78,60,96,1.0,0.99879434741994222,1.0,1.0,0.99777273436189684
REACTOME_METABOLISM_OF_PROTEINS,215,113,129,1.0,0.99879434741994222,1.0,1.0,0.99777273436189684
REACTOME_MYD88_CASCADE,19,12,37,1.0,0.99879434741994222,1.0,1.0,0.99777273436189684
REACTOME_NRIF_SIGNALS_CELL_DEATH_FROM_THE_NUCLEUS,13,11,22,1.0,0.99879434741994222,1.0,1.0,0.99777273436189684
REACTOME_NUCLEOTIDE_EXCISION_REPAIR,49,30,59,1.0,0.99879434741994222,1.0,1.0,0.99777273436189684
REACTOME_OPIOID_SIGNALLING,83,62,113,1.0,0.99879434741994222,1.0,1.0,0.99777273436189684
REACTOME_P38MAPK_EVENTS,13,11,21,1.0,0.99879434741994222,1.0,1.0,0.99777273436189684
REACTOME_PECAM1_INTERACTIONS,12,9,28,1.0,0.99879434741994222,1.0,1.0,0.99777273436189684
REACTOME_PREFOLDIN_MEDIATED_TRANSFER_OF_SUBSTRATE_TO_CCT_TRIC,28,18,31,1.0,0.99879434741994222,1.0,1.0,0.99777273436189684
REACTOME_PURINE_SALVAGE_REACTIONS,12,5,13,1.0,0.99879434741994222,1.0,1.0,0.99777273436189684
REACTOME_PYRUVATE_METABOLISM,18,13,29,1.0,0.99879434741994222,1.0,1.0,0.99777273436189684
REACTOME_REGULATION_OF_GENE_EXPRESSION_IN_BETA_CELLS,101,33,49,1.0,0.99879434741994222,1.0,1.0,0.99777273436189684
REACTOME_RETROGRADE_NEUROTROPHIN_SIGNALLING,12,9,18,1.0,0.99879434741994222,1.0,1.0,0.99777273436189684
REACTOME_RNA_POLYMERASE_III_CHAIN_ELONGATION,12,7,16,1.0,0.99879434741994222,1.0,1.0,0.99777273436189684
REACTOME_RNA_POLYMERASE_III_TRANSCRIPTION_TERMINATION,17,10,22,1.0,0.99879434741994222,1.0,1.0,0.99777273436189684
REACTOME_RNA_POLYMERASE_I_III_AND_MITOCHONDRIAL_TRANSCRIPTION,120,86,100,1.0,0.99879434741994222,1.0,1.0,0.99777273436189684
REACTOME_RNA_POL_II_CTD_PHOSPHORYLATION_AND_INTERACTION_WITH_CE,26,12,21,1.0,0.99879434741994222,1.0,1.0,0.99777273436189684
REACTOME_SEMAPHORIN_INTERACTIONS,66,55,110,1.0,0.99879434741994222,1.0,1.0,0.99777273436189684
REACTOME_SHCMEDIATED_CASCADE,21,13,28,1.0,0.99879434741994222,1.0,1.0,0.99777273436189684
REACTOME_SIGNALING_BY_TGF_BETA,15,10,23,1.0,0.99879434741994222,1.0,1.0,0.99777273436189684
REACTOME_SIGNALING_IN_IMMUNE_SYSTEM,366,248,167,1.0,0.99879434741994222,1.0,1.0,0.99777273436189684
REACTOME_SIGNALLING_TO_RAS,26,23,47,1.0,0.99879434741994222,1.0,1.0,0.99777273436189684
REACTOME_SIGNAL_AMPLIFICATION,31,17,26,1.0,0.99879434741994222,1.0,1.0,0.99777273436189684
REACTOME_SYNTHESIS_OF_GPI_ANCHORED_PROTEINS,26,17,33,1.0,0.99879434741994222,1.0,1.0,0.99777273436189684
REACTOME_TOLL_LIKE_RECEPTOR_4_CASCADE,28,17,42,1.0,0.99879434741994222,1.0,1.0,0.99777273436189684
REACTOME_TRAFFICKING_OF_AMPA_RECEPTORS,30,27,69,1.0,0.99879434741994222,1.0,1.0,0.99777273436189684
REACTOME_TRANSCRIPTION_OF_THE_HIV_GENOME,59,31,64,1.0,0.99879434741994222,1.0,1.0,0.99777273436189684
REACTOME_TRANSMEMBRANE_TRANSPORT_OF_SMALL_MOLECULES,218,178,161,1.0,0.99879434741994222,1.0,1.0,0.99777273436189684
REACTOME_TRANSMISSION_ACROSS_CHEMICAL_SYNAPSES,130,105,150,1.0,0.99879434741994222,1.0,1.0,0.99777273436189684
REACTOME_VIRAL_DSRNA_TLR3_TRIF_COMPLEX_ACTIVATES_RIP1,12,8,13,1.0,0.99879434741994222,1.0,1.0,0.99777273436189684
REACTOME_VIRAL_MESSENGER_RNA_SYNTHESIS,14,5,11,1.0,0.99879434741994222,1.0,1.0,0.99777273436189684
REACTOME_VIRAL_MRNA_TRANSLATION,84,23,27,1.0,0.99879434741994222,1.0,1.0,0.99777273436189684
SA_B_CELL_RECEPTOR_COMPLEXES,24,22,52,1.0,0.99879434741994222,1.0,1.0,0.99777273436189684
SA_FAS_SIGNALING,6,3,5,1.0,0.99879434741994222,1.0,1.0,0.99777273436189684
SA_G2_AND_M_PHASES,7,6,17,1.0,0.99879434741994222,1.0,1.0,0.99777273436189684
SIG_PIP3_SIGNALING_IN_CARDIAC_MYOCTES,63,49,122,1.0,0.99879434741994222,1.0,1.0,0.99777273436189684
REACTOME_SCF_SKP2_MEDIATED_DEGRADATION_OF_P27_P21,52,32,45,1.0,0.99879434741994222,1.0,0.69999999999999996,0.99907380740618457
BIOCARTA_DNAFRAGMENT_PATHWAY,10,6,10,1.0,0.99879434741994222,1.0,0.80000000000000004,0.99907380740618457
BIOCARTA_EPHA4_PATHWAY,10,10,42,1.0,0.99879434741994222,1.0,0.12,0.99930140227115072
BIOCARTA_GLEEVEC_PATHWAY,23,19,65,1.0,0.99879434741994222,1.0,0.12,0.99930140227115072
BIOCARTA_IL7_PATHWAY,17,14,69,1.0,0.99879434741994222,1.0,0.128,0.99930140227115072
REACTOME_NUCLEOTIDE_LIKE_PURINERGIC_RECEPTORS,17,13,32,1.0,0.99879434741994222,1.0,0.16,0.99930140227115072
REACTOME_RNA_POLYMERASE_I_CHAIN_ELONGATION,34,23,34,1.0,0.99879434741994222,1.0,0.23999999999999999,0.99930140227115072
KEGG_GLYCOSPHINGOLIPID_BIOSYNTHESIS_GANGLIO_SERIES,15,9,25,1.0,0.99879434741994222,1.0,0.29999999999999999,0.99930140227115072
REACTOME_PHASE_1_FUNCTIONALIZATION_OF_COMPOUNDS,67,52,89,1.0,0.99879434741994222,1.0,0.32000000000000001,0.99930140227115072
REACTOME_IMMUNOREGULATORY_INTERACTIONS_BETWEEN_A_LYMPHOID_AND_A_NON_LYMPHOID_CELL,106,52,86,1.0,0.99879434741994222,1.0,0.40000000000000002,0.99930140227115072
BIOCARTA_TALL1_PATHWAY,15,12,21,1.0,0.99879434741994222,1.0,0.44,0.99930140227115072
REACTOME_EICOSANOID_LIGAND_BINDING_RECEPTORS,15,10,23,1.0,0.99879434741994222,1.0,0.44,0.99930140227115072
KEGG_NOTCH_SIGNALING_PATHWAY,47,32,79,1.0,0.99879434741994222,1.0,0.5,0.99930140227115072
REACTOME_REGULATION_OF_GLUCOKINASE_BY_GLUCOKINASE_REGULATORY_PROTEIN,29,25,75,1.0,0.99879434741994222,1.0,0.5,0.99930140227115072
ST_T_CELL_SIGNAL_TRANSDUCTION,44,37,77,1.0,0.99879434741994222,1.0,0.5,0.99930140227115072
BIOCARTA_NUCLEARRS_PATHWAY,15,12,36,1.0,0.99879434741994222,1.0,0.52000000000000002,0.99930140227115072
BIOCARTA_CSK_PATHWAY,24,16,48,1.0,0.99879434741994222,1.0,0.59999999999999998,0.99930140227115072
KEGG_MTOR_SIGNALING_PATHWAY,52,40,98,1.0,0.99879434741994222,1.0,0.59999999999999998,0.99930140227115072
KEGG_TAURINE_AND_HYPOTAURINE_METABOLISM,10,8,18,1.0,0.99879434741994222,1.0,0.80000000000000004,0.99930140227115072
REACTOME_HUMAN_TAK1_ACTIVATES_NFKB_BY_PHOSPHORYLATION_AND_ACTIVATION_OF_IKKS_COMPLEX,15,12,26,1.0,0.99879434741994222,1.0,0.80000000000000004,0.99930140227115072
REACTOME_REGULATED_PROTEOLYSIS_OF_P75NTR,11,8,19,1.0,0.99879434741994222,1.0,0.80000000000000004,0.99930140227115072
REACTOME_TRANSCRIPTION,197,135,130,1.0,0.99879434741994222,1.0,0.80000000000000004,0.99930140227115072
BIOCARTA_EPONFKB_PATHWAY,11,9,13,1.0,0.99879434741994222,1.0,0.90000000000000002,0.99930140227115072
KEGG_FATTY_ACID_METABOLISM,42,35,52,1.0,0.99879434741994222,1.0,0.90000000000000002,0.99930140227115072
REACTOME_G_ALPHA_Q_SIGNALLING_EVENTS,157,116,141,1.0,0.99879434741994222,1.0,0.90000000000000002,0.99930140227115072
SA_MMP_CYTOKINE_CONNECTION,15,13,20,1.0,0.99879434741994222,1.0,0.90000000000000002,0.99930140227115072
BIOCARTA_P27_PATHWAY,13,10,27,1.0,0.99879434741994222,1.0,1.0,0.99930140227115072
KEGG_OTHER_GLYCAN_DEGRADATION,16,13,30,1.0,0.99879434741994222,1.0,1.0,0.99930140227115072
KEGG_RIBOSOME,88,23,31,1.0,0.99879434741994222,1.0,1.0,0.99930140227115072
REACTOME_CYCLIN_E_ASSOCIATED_EVENTS_DURING_G1_S_TRANSITION_,58,35,58,1.0,0.99879434741994222,1.0,1.0,0.99930140227115072
REACTOME_G_ALPHA_I_SIGNALLING_EVENTS,177,127,148,1.0,0.99879434741994222,1.0,1.0,0.99930140227115072
REACTOME_REGULATION_OF_INSULIN_SECRETION,212,122,130,1.0,0.99879434741994222,1.0,1.0,0.99930140227115072
REACTOME_TOLL_LIKE_RECEPTOR_9_CASCADE,23,16,52,1.0,0.99879434741994222,1.0,1.0,0.99930140227115072
BIOCARTA_INSULIN_PATHWAY,22,19,79,1.0,0.99879434741994222,1.0,0.02,0.99978185579692036
SIG_REGULATION_OF_THE_ACTIN_CYTOSKELETON_BY_RHO_GTPASES,35,27,74,1.0,0.99879434741994222,1.0,0.17999999999999999,0.99978185579692036
BIOCARTA_IL3_PATHWAY,15,11,31,1.0,0.99879434741994222,1.0,0.26000000000000001,0.99978185579692036
KEGG_LYSINE_DEGRADATION,44,37,80,1.0,0.99879434741994222,1.0,0.29999999999999999,0.99978185579692036
REACTOME_PURINE_RIBONUCLEOSIDE_MONOPHOSPHATE_BIOSYNTHESIS,11,9,16,1.0,0.99879434741994222,1.0,0.29999999999999999,0.99978185579692036
BIOCARTA_CCR3_PATHWAY,23,18,49,1.0,0.99879434741994222,1.0,0.38,0.99978185579692036
BIOCARTA_ECM_PATHWAY,24,21,73,1.0,0.99879434741994222,1.0,0.40000000000000002,0.99978185579692036
KEGG_BETA_ALANINE_METABOLISM,22,19,40,1.0,0.99879434741994222,1.0,0.40000000000000002,0.99978185579692036
REACTOME_FRS2_MEDIATED_ACTIVATION,16,15,32,1.0,0.99879434741994222,1.0,0.40000000000000002,0.99978185579692036
BIOCARTA_HDAC_PATHWAY,30,23,71,1.0,0.99879434741994222,1.0,0.5,0.99978185579692036
BIOCARTA_MCALPAIN_PATHWAY,25,22,56,1.0,0.99879434741994222,1.0,0.5,0.99978185579692036
BIOCARTA_UCALPAIN_PATHWAY,18,14,41,1.0,0.99879434741994222,1.0,0.5,0.99978185579692036
KEGG_AMINOACYL_TRNA_BIOSYNTHESIS,41,36,75,1.0,0.99879434741994222,1.0,0.5,0.99978185579692036
REACTOME_RNA_POLYMERASE_I_PROMOTER_ESCAPE,20,13,24,1.0,0.99879434741994222,1.0,0.5,0.99978185579692036
ST_GA13_PATHWAY,35,31,61,1.0,0.99879434741994222,1.0,0.5,0.99978185579692036
BIOCARTA_FREE_PATHWAY,10,7,17,1.0,0.99879434741994222,1.0,0.59999999999999998,0.99978185579692036
KEGG_BIOSYNTHESIS_OF_UNSATURATED_FATTY_ACIDS,22,16,25,1.0,0.99879434741994222,1.0,0.59999999999999998,0.99978185579692036
REACTOME_SIGNALING_BY_NOTCH,16,14,45,1.0,0.99879434741994222,1.0,0.59999999999999998,0.99978185579692036
KEGG_DORSO_VENTRAL_AXIS_FORMATION,25,20,80,1.0,0.99879434741994222,0.84922321180145399,0.69999999999999996,0.99978185579692036
BIOCARTA_ALK_PATHWAY,37,25,58,1.0,0.99879434741994222,1.0,0.69999999999999996,0.99978185579692036
BIOCARTA_VEGF_PATHWAY,29,24,77,1.0,0.99879434741994222,1.0,0.69999999999999996,0.99978185579692036
BIOCARTA_ERK_PATHWAY,28,22,55,1.0,0.99879434741994222,1.0,0.80000000000000004,0.99978185579692036
KEGG_ARACHIDONIC_ACID_METABOLISM,58,31,54,1.0,0.99879434741994222,1.0,0.90000000000000002,0.99978185579692036
SIG_PIP3_SIGNALING_IN_B_LYMPHOCYTES,33,30,106,1.0,0.99879434741994222,0.89601731370277993,1.0,0.99978185579692036
BIOCARTA_SKP2E2F_PATHWAY,10,8,25,1.0,0.99879434741994222,1.0,1.0,0.99978185579692036
KEGG_CHEMOKINE_SIGNALING_PATHWAY,190,124,149,1.0,0.99879434741994222,1.0,1.0,0.99978185579692036
KEGG_O_GLYCAN_BIOSYNTHESIS,30,24,66,1.0,0.99879434741994222,1.0,1.0,0.99978185579692036
REACTOME_ADP_SIGNALLING_THROUGH_P2Y_PURINOCEPTOR_1,25,13,22,1.0,0.99879434741994222,1.0,1.0,0.99978185579692036
REACTOME_BASIGIN_INTERACTIONS,25,15,31,1.0,0.99879434741994222,1.0,1.0,0.99978185579692036
REACTOME_FRS2MEDIATED_CASCADE,27,18,34,1.0,0.99879434741994222,1.0,1.0,0.99978185579692036
REACTOME_TRANSFORMATION_OF_LANOSTEROL_TO_CHOLESTEROL,10,6,9,1.0,0.99879434741994222,1.0,1.0,0.99978185579692036
REACTOME_ACTIVATION_OF_ATR_IN_RESPONSE_TO_REPLICATION_STRESS,37,28,65,1.0,0.99911679137414133,1.0,0.59999999999999998,0.99777273436189684
REACTOME_DEADENYLATION_OF_MRNA,22,17,54,1.0,0.99911679137414133,1.0,1.0,0.99777273436189684
BIOCARTA_HER2_PATHWAY,22,21,81,1.0,0.99911679137414133,1.0,0.20000000000000001,0.99930140227115072
BIOCARTA_ASBCELL_PATHWAY,12,10,13,1.0,0.99911679137414133,1.0,0.20000000000000001,0.99978185579692036
REACTOME_ADP_SIGNALLING_THROUGH_P2Y_PURINOCEPTOR_12,21,10,13,1.0,0.99969516298770211,1.0,1.0,0.94581545614457196
BIOCARTA_RANKL_PATHWAY,14,11,20,1.0,0.99969516298770211,1.0,0.16,0.99777273436189684
REACTOME_RNA_POLYMERASE_III_TRANSCRIPTION_INITIATION_FROM_TYPE_2_PROMOTER,20,14,36,1.0,0.99969516298770211,1.0,0.16,0.99777273436189684
REACTOME_TRANSPORT_OF_RIBONUCLEOPROTEINS_INTO_THE_HOST_NUCLEUS,29,24,73,1.0,0.99969516298770211,1.0,0.26000000000000001,0.99777273436189684
REACTOME_SEROTONIN_NEUROTRANSMITTER_RELEASE_CYCLE,14,9,31,1.0,0.99969516298770211,0.84922321180145399,0.28000000000000003,0.99777273436189684
BIOCARTA_KREB_PATHWAY,8,6,13,1.0,0.99969516298770211,1.0,0.29999999999999999,0.99777273436189684
BIOCARTA_TPO_PATHWAY,24,21,77,1.0,0.99969516298770211,1.0,0.29999999999999999,0.99777273436189684
KEGG_COMPLEMENT_AND_COAGULATION_CASCADES,69,57,120,1.0,0.99969516298770211,1.0,0.29999999999999999,0.99777273436189684
REACTOME_NEP_NS2_INTERACTS_WITH_THE_CELLULAR_EXPORT_MACHINERY,29,24,73,1.0,0.99969516298770211,1.0,0.29999999999999999,0.99777273436189684
REACTOME_REV_MEDIATED_NUCLEAR_EXPORT_OF_HIV1_RNA,31,25,74,1.0,0.99969516298770211,1.0,0.29999999999999999,0.99777273436189684
BIOCARTA_BARRESTIN_SRC_PATHWAY,15,13,38,1.0,0.99969516298770211,1.0,0.40000000000000002,0.99777273436189684
REACTOME_CALCITONIN_LIKE_LIGAND_RECEPTORS,10,3,14,1.0,0.99969516298770211,1.0,0.40000000000000002,0.99777273436189684
REACTOME_NUCLEAR_IMPORT_OF_REV_PROTEIN,30,24,73,1.0,0.99969516298770211,1.0,0.40000000000000002,0.99777273436189684
REACTOME_SNRNP_ASSEMBLY,50,34,81,1.0,0.99969516298770211,1.0,0.40000000000000002,0.99777273436189684
BIOCARTA_GABA_PATHWAY,10,9,38,1.0,0.99969516298770211,1.0,0.5,0.99777273436189684
KEGG_GLUTATHIONE_METABOLISM,50,32,55,1.0,0.99969516298770211,1.0,0.5,0.99777273436189684
BIOCARTA_MAPK_PATHWAY,87,71,95,1.0,0.99969516298770211,1.0,0.59999999999999998,0.99777273436189684
REACTOME_TRANSPORT_OF_THE_SLBP_INDEPENDENT_MATURE_MRNA,32,26,76,1.0,0.99969516298770211,1.0,0.59999999999999998,0.99777273436189684
BIOCARTA_VIP_PATHWAY,27,21,39,1.0,0.99969516298770211,1.0,0.69999999999999996,0.99777273436189684
KEGG_ENDOCYTOSIS,183,142,143,1.0,0.99969516298770211,1.0,0.69999999999999996,0.99777273436189684
REACTOME_METABOLISM_OF_AMINO_ACIDS,162,116,122,1.0,0.99969516298770211,1.0,0.69999999999999996,0.99777273436189684
REACTOME_PI3K_AKT_SIGNALLING,37,31,90,1.0,0.99969516298770211,1.0,0.69999999999999996,0.99777273436189684
REACTOME_G_BETA_GAMMA_SIGNALLING_THROUGH_PLC_BETA,20,11,26,1.0,0.99969516298770211,1.0,0.80000000000000004,0.99777273436189684
REACTOME_HOST_INTERACTIONS_OF_HIV_FACTORS,120,79,112,1.0,0.99969516298770211,1.0,0.80000000000000004,0.99777273436189684
REACTOME_RECRUITMENT_OF_NUMA_TO_MITOTIC_CENTROSOMES,11,10,25,1.0,0.99969516298770211,1.0,0.90000000000000002,0.99777273436189684
REACTOME_AKT_PHOSPHORYLATES_TARGETS_IN_THE_CYTOSOL,14,10,21,1.0,0.99969516298770211,1.0,1.0,0.99777273436189684
REACTOME_AMINO_ACID_TRANSPORT_ACROSS_THE_PLASMA_MEMBRANE,31,25,46,1.0,0.99969516298770211,1.0,1.0,0.99777273436189684
REACTOME_PD1_SIGNALING,29,13,19,1.0,0.99969516298770211,1.0,1.0,0.99777273436189684
REACTOME_POST_CHAPERONIN_TUBULIN_FOLDING_PATHWAY,19,15,30,1.0,0.99969516298770211,1.0,1.0,0.99777273436189684
ST_GRANULE_CELL_SURVIVAL_PATHWAY,25,19,39,1.0,0.99969516298770211,1.0,1.0,0.99777273436189684
REACTOME_INTEGRIN_CELL_SURFACE_INTERACTIONS,81,71,149,1.0,0.99969516298770211,1.0,0.068000000000000005,0.99930140227115072
BIOCARTA_THELPER_PATHWAY,14,8,19,1.0,0.99969516298770211,1.0,0.080000000000000002,0.99930140227115072
BIOCARTA_AGR_PATHWAY,36,32,104,1.0,0.99969516298770211,1.0,0.5,0.99930140227115072
BIOCARTA_ERK5_PATHWAY,18,16,60,1.0,0.99969516298770211,1.0,0.59999999999999998,0.99930140227115072
BIOCARTA_MITOCHONDRIA_PATHWAY,21,12,21,1.0,0.99969516298770211,1.0,0.69999999999999996,0.99930140227115072
REACTOME_PLC_GAMMA1_SIGNALLING,35,31,85,1.0,0.99969516298770211,1.0,0.69999999999999996,0.99930140227115072
BIOCARTA_DEATH_PATHWAY,33,21,37,1.0,0.99969516298770211,1.0,0.80000000000000004,0.99930140227115072
REACTOME_GLUCONEOGENESIS,31,22,37,1.0,0.99969516298770211,1.0,0.80000000000000004,0.99930140227115072
REACTOME_REGULATION_OF_BETA_CELL_DEVELOPMENT,114,41,75,1.0,0.99969516298770211,1.0,0.80000000000000004,0.99930140227115072
REACTOME_TELOMERE_MAINTENANCE,77,49,79,1.0,0.99969516298770211,1.0,1.0,0.99930140227115072
REACTOME_OLFACTORY_SIGNALING_PATHWAY,371,310,170,1.0,0.99969516298770211,1.0,0.0,0.99978185579692036
KEGG_FOCAL_ADHESION,201,167,170,1.0,0.99969516298770211,1.0,0.059999999999999998,0.99978185579692036
REACTOME_CELL_CELL_ADHESION_SYSTEMS,59,52,119,1.0,0.99969516298770211,1.0,0.059999999999999998,0.99978185579692036
REACTOME_GENE_EXPRESSION,425,276,170,1.0,0.99969516298770211,1.0,0.059999999999999998,0.99978185579692036
BIOCARTA_STEM_PATHWAY,15,7,9,1.0,0.99969516298770211,1.0,0.29999999999999999,0.99978185579692036
KEGG_VASCULAR_SMOOTH_MUSCLE_CONTRACTION,115,87,138,1.0,0.99969516298770211,1.0,0.29999999999999999,0.99978185579692036
KEGG_VEGF_SIGNALING_PATHWAY,76,58,105,1.0,0.99969516298770211,1.0,0.29999999999999999,0.99978185579692036
BIOCARTA_GCR_PATHWAY,20,15,66,1.0,0.99969516298770211,1.0,0.40000000000000002,0.99978185579692036
BIOCARTA_IL6_PATHWAY,22,19,47,1.0,0.99969516298770211,1.0,0.40000000000000002,0.99978185579692036
REACTOME_AXON_GUIDANCE,161,136,169,1.0,0.99969516298770211,1.0,0.5,0.99978185579692036
REACTOME_METAL_ION_SLC_TRANSPORTERS,23,17,33,1.0,0.99969516298770211,1.0,0.5,0.99978185579692036
REACTOME_PHOSPHORYLATION_OF_THE_APC,17,11,22,1.0,0.99969516298770211,1.0,0.5,0.99978185579692036
KEGG_GLYCOSAMINOGLYCAN_BIOSYNTHESIS_KERATAN_SULFATE,15,11,22,1.0,0.99969516298770211,1.0,0.59999999999999998,0.99978185579692036
KEGG_HOMOLOGOUS_RECOMBINATION,28,21,39,1.0,0.99969516298770211,1.0,0.59999999999999998,0.99978185579692036
KEGG_LONG_TERM_DEPRESSION,70,54,126,1.0,0.99969516298770211,1.0,0.59999999999999998,0.99978185579692036
REACTOME_GPCR_LIGAND_BINDING,392,281,166,1.0,0.99969516298770211,1.0,0.59999999999999998,0.99978185579692036
ST_PAC1_RECEPTOR_PATHWAY,6,3,9,1.0,0.99969516298770211,1.0,0.59999999999999998,0.99978185579692036
BIOCARTA_RAB_PATHWAY,12,5,10,1.0,0.99969516298770211,1.0,0.69999999999999996,0.99978185579692036
BIOCARTA_TCAPOPTOSIS_PATHWAY,11,5,5,1.0,0.99969516298770211,1.0,0.69999999999999996,0.99978185579692036
KEGG_GLYCOSAMINOGLYCAN_BIOSYNTHESIS_CHONDROITIN_SULFATE,22,14,27,1.0,0.99969516298770211,1.0,0.69999999999999996,0.99978185579692036
REACTOME_AMINO_ACID_AND_OLIGOPEPTIDE_SLC_TRANSPORTERS,48,41,82,1.0,0.99969516298770211,1.0,0.69999999999999996,0.99978185579692036
REACTOME_OPSINS,10,7,13,1.0,0.99969516298770211,1.0,0.69999999999999996,0.99978185579692036
REACTOME_CHOLESTEROL_BIOSYNTHESIS,21,15,21,1.0,0.99969516298770211,0.84922321180145399,0.80000000000000004,0.99978185579692036
REACTOME_GRB2_SOS_PROVIDES_LINKAGE_TO_MAPK_SIGNALING_FOR_INTERGRINS_,15,13,62,1.0,0.99969516298770211,1.0,0.80000000000000004,0.99978185579692036
REACTOME_PLATELET_AGGREGATION_PLUG_FORMATION,26,21,81,1.0,0.99969516298770211,1.0,0.80000000000000004,0.99978185579692036
REACTOME_SCF_BETA_TRCP_MEDIATED_DEGRADATION_OF_EMI1,48,28,40,1.0,0.99969516298770211,1.0,0.80000000000000004,0.99978185579692036
REACTOME_SIGNAL_ATTENUATION,11,7,28,1.0,0.99969516298770211,1.0,0.80000000000000004,0.99978185579692036
KEGG_HISTIDINE_METABOLISM,29,22,45,1.0,0.99969516298770211,1.0,0.90000000000000002,0.99978185579692036
REACTOME_MITOCHONDRIAL_FATTY_ACID_BETA_OXIDATION,10,10,14,1.0,0.99969516298770211,1.0,0.90000000000000002,0.99978185579692036
REACTOME_REGULATION_OF_INSULIN_SECRETION_BY_GLUCAGON_LIKE_PEPTIDE_1,61,44,93,1.0,0.99969516298770211,1.0,1.0,0.99978185579692036
KEGG_GLYCINE_SERINE_AND_THREONINE_METABOLISM,31,20,37,1.0,0.99976866002787113,1.0,0.90000000000000002,0.99978185579692036
ST_JNK_MAPK_PATHWAY,38,34,150,1.0,1.0,1.0,0.35999999999999999,0.94581545614457196
BIOCARTA_CDC42RAC_PATHWAY,16,8,43,1.0,1.0,1.0,0.80000000000000004,0.94581545614457196
KEGG_CALCIUM_SIGNALING_PATHWAY,178,155,167,1.0,1.0,1.0,0.0055999999999999999,0.99777273436189684
BIOCARTA_NO1_PATHWAY,31,23,103,1.0,1.0,1.0,0.40000000000000002,0.99777273436189684
REACTOME_STRIATED_MUSCLE_CONTRACTION,31,24,144,1.0,1.0,1.0,0.0,1.0
REACTOME_MUSCLE_CONTRACTION,51,39,146,1.0,1.0,1.0,0.0032000000000000002,1.0
REACTOME_CELL_CYCLE_CHECKPOINTS,110,76,156,1.0,1.0,1.0,0.035999999999999997,1.0
BIOCARTA_ACH_PATHWAY,16,12,52,1.0,1.0,1.0,0.059999999999999998,1.0
BIOCARTA_ARF_PATHWAY,17,15,155,1.0,1.0,1.0,0.059999999999999998,1.0
SA_G1_AND_S_PHASES,15,10,145,1.0,1.0,1.0,0.059999999999999998,1.0
KEGG_APOPTOSIS,88,66,164,1.0,1.0,1.0,0.080000000000000002,1.0
BIOCARTA_G1_PATHWAY,28,20,155,1.0,1.0,1.0,0.16,1.0
REACTOME_FURTHER_PLATELET_RELEASATE,24,15,137,1.0,1.0,1.0,0.20000000000000001,1.0
BIOCARTA_ATRBRCA_PATHWAY,21,18,146,1.0,1.0,1.0,0.29999999999999999,1.0
KEGG_WNT_SIGNALING_PATHWAY,151,121,167,1.0,1.0,1.0,0.29999999999999999,1.0
REACTOME_NOREPINEPHRINE_NEUROTRANSMITTER_RELEASE_CYCLE,12,6,25,1.0,1.0,0.84922321180145399,0.40000000000000002,1.0
BIOCARTA_ARENRF2_PATHWAY,13,9,37,1.0,1.0,1.0,0.40000000000000002,1.0
BIOCARTA_FEEDER_PATHWAY,9,9,32,1.0,1.0,1.0,0.40000000000000002,1.0
BIOCARTA_G2_PATHWAY,24,20,149,1.0,1.0,1.0,0.40000000000000002,1.0
BIOCARTA_TRKA_PATHWAY,12,11,55,1.0,1.0,1.0,0.40000000000000002,1.0
REACTOME_STABILIZATION_OF_P53,46,27,145,1.0,1.0,1.0,0.40000000000000002,1.0
BIOCARTA_LONGEVITY_PATHWAY,15,12,54,1.0,1.0,1.0,0.5,1.0
BIOCARTA_PML_PATHWAY,17,16,143,1.0,1.0,1.0,0.5,1.0
REACTOME_CHYLOMICRON_MEDIATED_LIPID_TRANSPORT,17,14,55,1.0,1.0,1.0,0.5,1.0
REACTOME_PLATELET_DEGRANULATION,86,62,154,1.0,1.0,1.0,0.5,1.0
BIOCARTA_CELL2CELL_PATHWAY,14,11,51,1.0,1.0,1.0,0.59999999999999998,1.0
BIOCARTA_NKCELLS_PATHWAY,20,14,50,1.0,1.0,1.0,0.69999999999999996,1.0
BIOCARTA_SET_PATHWAY,11,7,24,1.0,1.0,1.0,0.69999999999999996,1.0
REACTOME_GAB1_SIGNALOSOME,11,7,42,1.0,1.0,1.0,0.80000000000000004,1.0
REACTOME_G_BETA_GAMMA_SIGNALLING_THROUGH_PI3KGAMMA,25,14,27,1.0,1.0,1.0,0.80000000000000004,1.0
REACTOME_HEMOSTASIS,274,208,170,1.0,1.0,1.0,0.90000000000000002,1.0
REACTOME_HORMONE_LIGAND_BINDING_RECEPTORS,10,6,29,1.0,1.0,1.0,1.0,1.0
